,Country,2020-01-31_recovery,2020-02-29_recovery,2020-03-31_recovery,2020-04-30_recovery,2020-05-31_recovery,2020-06-30_recovery,2020-07-31_recovery,2020-08-31_recovery,2020-09-30_recovery,2020-10-31_recovery,2020-11-30_recovery,2020-12-31_recovery,2021-01-31_recovery,2020-01-31_cases,2020-02-29_cases,2020-03-31_cases,2020-04-30_cases,2020-05-31_cases,2020-06-30_cases,2020-07-31_cases,2020-08-31_cases,2020-09-30_cases,2020-10-31_cases,2020-11-30_cases,2020-12-31_cases,2021-01-31_cases,2020-01-31_deaths,2020-02-29_deaths,2020-03-31_deaths,2020-04-30_deaths,2020-05-31_deaths,2020-06-30_deaths,2020-07-31_deaths,2020-08-31_deaths,2020-09-30_deaths,2020-10-31_deaths,2020-11-30_deaths,2020-12-31_deaths,2021-01-31_deaths,Country_clean_deaths,Country_Binned_deaths
0,Afghanistan,0,0,5,260,1328,14131,25509,29089,32789,34321,36831,41727,47679,0,1,175,2127,15208,31507,36665,38159,39268,41425,46274,51526,55023,0,0,4,64,258,752,1284,1403,1460,1538,1795,2191,2400,Afghanistan,Asia
1,Albania,0,0,52,470,872,1459,2952,5214,7847,11189,18849,33634,47424,0,0,243,773,1137,2535,5276,9513,13649,20875,38182,58316,78127,0,0,15,31,33,62,157,284,387,509,810,1181,1380,Albania,Europe
2,Algeria,0,0,46,1779,5748,9897,20537,31244,36174,40201,53809,67127,73344,0,1,716,4006,9394,13907,30394,44494,51530,57942,83199,99610,107339,0,0,44,450,653,912,1210,1510,1736,1964,2431,2756,2891,Algeria,Africa
3,Andorra,0,0,10,468,694,799,807,908,1432,3475,5873,7432,9093,0,0,376,745,764,855,925,1176,2050,4756,6745,8049,9937,0,0,12,42,51,52,52,53,53,75,76,84,101,Andorra,Europe
4,Angola,0,0,1,7,18,93,437,1071,1941,4523,7851,11044,18035,0,0,7,27,86,284,1148,2654,4972,10805,15139,17553,19796,0,0,2,2,4,13,52,108,183,284,348,405,466,Angola,Africa
5,Antigua and Barbuda,0,0,0,11,19,22,67,91,92,117,130,148,177,0,0,7,24,26,69,91,94,101,128,141,159,234,0,0,0,3,3,3,3,3,3,3,4,5,7,Antigua and Barbuda,North America
6,Argentina,0,0,240,1256,5336,22028,83780,301195,594645,973939,1257227,1426676,1721650,0,0,1054,4428,16851,64530,191302,417735,751001,1166924,1424533,1625514,1927239,0,0,27,218,539,1307,3543,8660,16937,31002,38730,43245,47974,Argentina,South America
7,Armenia,0,0,30,929,3386,14048,28997,37722,44001,55317,108442,142801,157519,0,0,532,2066,9282,25542,38550,43781,50359,89813,135124,159409,167026,0,0,3,32,131,443,738,879,959,1341,2164,2823,3080,Armenia,Asia
8,Aruba,0,0,0,0,0,0,0,0,0,0,0,0,0,0,0,0,0,0,0,0,0,0,0,0,0,0,0,0,0,0,0,0,0,0,0,0,0,0,0,Aruba,North America
9,Australia,2,11,358,5742,6618,7040,9983,21350,24784,25336,25602,25762,26061,9,25,4559,6766,7202,7920,17280,25819,27096,27595,27912,28425,28818,0,0,18,93,103,104,201,657,888,907,908,909,909,Australia,Australia
10,Austria,0,0,1095,12907,15593,16478,18758,23226,35644,67226,221692,332952,392497,0,9,10180,15452,16731,17766,21130,27438,44813,104925,282456,360815,414398,0,0,128,584,668,705,718,733,799,1109,3184,6222,7721,Austria,Europe
11,Azerbaijan,0,0,26,1325,3428,9715,25882,33847,37954,43543,74902,184422,223315,0,0,298,1804,5494,17524,31878,36435,40229,55269,121176,218700,230219,0,0,5,24,63,213,448,534,591,730,1392,2641,3132,Azerbaijan,Asia
12,Bahamas,0,0,1,25,48,87,91,801,2206,4422,5889,6230,6771,0,0,14,81,102,104,574,2217,4123,6714,7541,7871,8174,0,0,0,11,11,11,14,50,96,144,163,170,176,Bahamas,North America
13,Bahrain,0,0,295,1500,6673,21331,37840,49047,64838,78719,85141,90217,98599,0,41,567,3040,11398,26758,40982,51972,70864,81645,86956,92675,103057,0,0,4,8,19,87,147,190,251,321,341,352,375,Bahrain,Asia
14,Bangladesh,0,0,25,160,9781,59624,135136,204887,275487,324145,380711,457459,479744,0,0,51,7667,47153,145483,237661,312996,363479,407684,464932,513510,535139,0,0,5,168,650,1847,3111,4281,5251,5923,6644,7559,8127,Bangladesh,Asia
15,Barbados,0,0,0,39,76,90,96,146,179,221,250,319,1158,0,0,34,81,92,97,110,174,190,237,276,383,1545,0,0,0,7,7,7,7,7,7,7,7,7,14,Barbados,North America
16,Belarus,0,0,47,2386,18514,46054,62444,70468,74525,86663,114341,175147,235838,0,1,152,14027,42556,62118,67808,71843,78631,98482,136647,194284,248336,0,0,1,89,235,392,559,681,833,980,1158,1424,1718,Belarus,Europe
17,Belgium,0,1,1696,11576,15887,16984,17546,18422,19454,25569,0,0,0,0,1,12775,48519,58381,61427,68751,85236,118452,429229,577345,646496,710153,0,0,705,7594,9467,9747,9841,9895,10016,11625,16645,19528,21092,Belgium,Europe
18,Belize,0,0,0,9,16,18,30,173,1246,2160,3151,9795,11309,0,0,3,18,18,24,48,1007,1992,3487,5854,10776,11908,0,0,0,2,2,2,2,13,27,59,148,248,301,Belize,North America
19,Benin,0,0,1,33,143,333,1036,1738,1973,2418,2839,3061,3421,0,0,9,64,232,1199,1805,2145,2357,2643,3015,3251,3893,0,0,0,1,3,21,36,40,41,41,43,44,52,Benin,Africa
20,Bhutan,0,0,0,5,6,48,89,142,222,324,381,448,814,0,0,4,7,43,77,101,225,282,349,410,670,859,0,0,0,0,0,0,0,0,0,0,0,0,1,Bhutan,Asia
21,Bolivia,0,0,0,117,968,9340,23582,60408,95529,111503,121702,132097,159222,0,0,107,1110,9982,33219,76789,116598,135311,141757,144708,160124,216835,0,0,6,59,313,1123,2977,5027,7965,8725,8957,9165,10379,Bolivia,South America
22,Bosnia and Herzegovina,0,0,17,727,1862,2402,5959,13095,20616,28083,52769,77225,94604,0,0,420,1757,2510,4453,11876,19964,27469,50090,87901,110985,121497,0,0,13,69,153,186,339,609,856,1234,2681,4050,4679,Bosnia and Herzegovina,Europe
23,Botswana,0,0,0,5,20,28,63,224,710,4676,7912,12136,17198,0,0,4,23,35,227,804,1633,3172,6642,10742,14805,21293,0,0,1,1,1,1,2,6,16,24,34,42,134,Botswana,Africa
24,Brazil,0,0,127,35935,206555,788318,2008854,3268591,4274774,5005161,5597802,6848844,8176373,0,2,5717,87187,514849,1402041,2662485,3908272,4810935,5535605,6335878,7675973,9204731,0,0,201,6006,29314,59594,92475,121381,143952,159884,173120,194949,224504,Brazil,South America
25,Brunei,0,0,45,124,138,138,138,139,142,143,145,149,170,0,0,129,138,141,141,141,144,146,148,150,157,180,0,0,1,1,2,3,3,3,3,3,3,3,3,Brunei,Asia
26,Bulgaria,0,0,17,266,1074,2676,6319,11483,14634,20045,50565,119527,187052,0,0,399,1506,2513,4989,11690,16266,20833,52844,145300,202266,218748,0,0,8,66,140,230,383,629,825,1279,4035,7576,9045,Bulgaria,Europe
27,Burkina Faso,0,0,32,506,720,838,935,1058,1335,2250,2593,5100,9253,0,0,261,645,847,962,1106,1368,2056,2500,2886,6707,10682,0,0,14,43,53,53,53,55,58,67,68,85,120,Burkina Faso,Africa
28,Burma,0,0,0,27,138,222,296,354,3755,32774,70156,107069,125072,0,0,15,151,224,299,353,882,13373,52706,90713,124630,140145,0,0,1,6,6,6,6,6,310,1237,1941,2682,3131,Myanmar,Asia
29,Burundi,0,0,0,4,33,115,304,357,472,511,575,687,773,0,0,2,11,63,170,387,445,508,585,688,818,1632,0,0,0,1,1,1,1,1,1,1,1,2,2,Burundi,Africa
30,Cambodia,0,1,23,119,123,130,164,266,275,283,304,362,443,1,1,109,122,125,141,239,274,277,291,326,378,466,0,0,0,0,0,0,0,0,0,0,0,0,0,Cambodia,Asia
31,Cameroon,0,0,5,934,3568,10100,15320,17651,19440,20117,22177,24892,28045,0,0,193,1832,5904,12592,17255,19142,20838,21793,24445,26277,29617,0,0,6,61,191,313,391,411,418,426,437,448,462,Cameroon,Africa
32,Canada,0,6,1592,21424,49213,69120,102906,116020,137181,198952,304595,493638,710699,3,20,8527,54457,92479,106097,118281,130918,161107,237313,381557,584409,783695,0,0,152,4179,7906,8780,9025,9193,9391,10276,12239,15762,20041,Canada,North America
33,Cape Verde,0,0,0,4,193,629,1824,2916,5277,7981,10329,11559,13144,0,0,6,121,435,1227,2451,3884,6024,8793,10761,11840,14070,0,0,1,1,4,15,23,40,60,95,105,113,134,Cape Verde,Africa
34,Cayman Islands,0,0,0,0,0,0,0,0,0,0,0,0,0,0,0,0,0,0,0,0,0,0,0,0,0,0,0,0,0,0,0,0,0,0,0,0,0,0,0,Cayman Islands,North America
35,Central African Republic,0,0,0,10,23,787,1606,1790,1914,1924,1924,1924,4885,0,0,3,50,1011,3745,4608,4711,4829,4866,4913,4963,4981,0,0,0,0,2,47,59,62,62,62,63,63,63,Central African Republic,Africa
36,Chad,0,0,0,33,491,781,813,880,1007,1314,1525,1704,2464,0,0,7,73,778,866,936,1013,1200,1483,1688,2113,3376,0,0,0,5,65,74,75,77,85,98,101,104,118,Chad,Africa
37,Channel Islands,0,0,0,0,0,0,0,0,0,0,0,0,0,0,0,0,0,0,0,0,0,0,0,0,0,0,0,0,0,0,0,0,0,0,0,0,0,0,0,France,Europe
38,Chile,0,0,156,8580,42727,241229,328327,383879,436589,486642,526604,577382,681981,0,0,2738,16023,99688,279393,355667,411726,462991,510256,551743,608973,727109,0,0,12,227,1054,5688,9457,11289,12741,14207,15410,16608,18452,Chile,South America
39,China,214,39279,76200,78523,79389,79632,80787,84594,85460,86135,87017,89923,92779,9783,79251,82279,83956,84146,84785,87655,89914,90545,91366,92902,95963,100063,213,2835,3309,4637,4638,4641,4661,4723,4739,4739,4743,4782,4817,China,Asia
40,Colombia,0,0,31,1439,7032,40021,154387,459460,743653,968927,1210489,1508419,1938322,0,0,906,6507,27219,95269,295508,615094,829679,1073809,1316806,1642775,2094884,0,0,16,293,916,3376,10105,19662,25998,31598,36766,43213,53983,Colombia,South America
41,Comoros,0,0,0,0,26,200,330,399,464,498,586,705,1731,0,0,0,1,106,303,378,423,479,545,611,823,2726,0,0,0,0,2,7,7,7,7,7,7,10,93,Comoros,Africa
42,Congo,0,0,0,0,0,0,0,0,0,0,0,0,0,0,0,0,0,0,0,0,0,0,0,0,0,0,0,0,0,0,0,0,0,0,0,0,0,0,0,Congo,Africa
43,Congo (Brazzaville),0,0,0,19,179,456,829,1742,3887,3887,4988,5846,5846,0,0,19,220,611,1087,3200,3979,5089,5290,5774,7107,7887,0,0,0,9,20,37,54,78,89,92,94,108,117,Congo,Africa
44,Congo (Kinshasa),0,0,2,73,448,1426,6796,9133,10139,10585,11585,14701,15031,0,0,98,572,3070,7039,9070,10097,10659,11306,12772,17658,22771,0,0,8,31,72,170,215,258,272,307,333,591,671,Congo,Africa
45,Costa Rica,0,0,4,338,669,1436,4404,16056,37841,66719,87526,131923,151952,0,0,347,719,1056,3459,17820,41287,75760,109971,139638,169321,193276,0,0,2,6,10,16,150,436,904,1385,1726,2185,2604,Costa Rica,North America
46,Croatia,0,0,67,1348,2072,2155,4267,7434,15057,32818,105199,198018,224476,0,6,867,2076,2246,2777,5139,10269,16593,49316,128442,210837,232426,0,0,6,69,103,107,145,186,280,546,1786,3920,5027,Croatia,Europe
47,Cuba,0,0,8,681,1809,2214,2355,3378,4893,6245,7631,10125,20863,0,0,186,1501,2045,2341,2608,4032,5597,6887,8284,11863,26686,0,0,6,61,83,86,87,94,122,128,135,146,214,Cuba,North America
48,Cyprus,0,0,23,296,790,833,852,1139,1369,1882,2057,2057,2057,0,0,262,850,944,998,1114,1488,1755,4366,10565,22019,30876,0,0,8,15,17,19,19,20,22,26,49,119,199,Cyprus,Asia
49,Czech Republic,0,0,45,3314,6558,7771,11569,17807,33443,143359,451607,592581,871917,0,0,3308,7682,9268,11954,16574,24618,68919,335102,523298,718661,984774,0,0,31,236,320,349,382,424,655,3251,8295,11580,16308,Czech Republic,Europe
50,Denmark,0,0,77,6741,10560,11849,12780,15593,21197,35020,64031,127844,187996,0,3,3039,9356,11869,12968,14028,17410,28479,46863,81002,164116,199156,0,0,90,452,574,605,615,624,650,721,837,1298,2126,Denmark,Europe
51,Djibouti,0,0,0,642,1504,4524,4999,5323,5344,5441,5584,5728,5845,0,0,30,1089,3354,4682,5084,5387,5416,5561,5679,5831,5932,0,0,0,2,24,54,58,60,61,61,61,61,63,Djibouti,Africa
52,Dominica,0,0,0,13,16,18,18,18,24,33,63,83,106,0,0,12,16,16,18,18,20,30,50,85,88,117,0,0,0,0,0,0,0,0,0,0,0,0,0,Dominica,North America
53,Dominican Republic,0,0,5,1301,10559,17580,36470,68082,87629,104862,115219,131185,157533,0,0,1109,6972,17285,32568,69649,94715,112209,127018,143988,170785,214060,0,0,51,301,502,747,1160,1710,2105,2245,2331,2414,2666,Dominican Republic,North America
54,Ecuador,0,0,54,1558,19592,27594,36044,101669,112296,141759,169804,184507,209814,0,0,2240,24934,39098,56432,85355,113767,137047,168192,192685,212512,250828,0,0,75,900,3358,4527,5702,6556,11355,12670,13461,14034,14859,Ecuador,South America
55,Egypt,0,1,157,1381,6037,18460,39638,72929,96494,99452,102718,112105,129636,0,1,710,5537,24985,68311,94078,98939,103198,107555,115911,138062,165951,0,0,46,392,959,2953,4805,5421,5930,6266,6650,7631,9316,Egypt,Africa
56,El Salvador,0,0,0,119,1040,3770,8362,14292,23813,29186,35078,45960,48711,0,0,32,395,2517,6438,16632,25729,29077,33445,38405,45960,54966,0,0,1,10,46,174,448,717,843,975,1114,1327,1623,El Salvador,North America
57,Equatorial Guinea,0,0,1,9,200,515,2182,3884,4769,4965,5009,5136,5286,0,0,12,315,1306,2001,4821,4941,5030,5088,5153,5277,5516,0,0,0,1,12,32,83,83,83,83,85,86,86,Equatorial Guinea,Africa
58,Eritrea,0,0,0,26,39,53,225,284,341,412,498,643,1594,0,0,15,39,39,203,279,319,375,463,577,1320,2135,0,0,0,0,0,0,0,0,0,0,0,3,7,Eritrea,Africa
59,Estonia,0,0,26,249,1624,1829,1930,2088,2605,3811,7078,18326,33738,0,1,745,1689,1869,1989,2064,2375,3371,4905,12308,27990,44208,0,0,4,52,68,69,69,64,64,73,118,229,419,Estonia,Europe
60,Eswatini,0,0,0,12,189,408,1214,3529,4912,5646,6006,7073,10478,0,0,9,100,285,812,2648,4577,5482,5917,6419,9358,15711,0,0,0,1,2,11,41,91,109,117,122,205,565,Eswatini,Africa
61,Ethiopia,0,0,2,59,209,2430,6950,18994,31204,52517,73808,112096,122862,0,0,26,131,1172,5846,17530,52131,75368,96169,110074,124264,137650,0,0,0,3,11,103,274,809,1198,1469,1706,1923,2093,Ethiopia,Africa
62,Faroe Islands,0,0,0,0,0,0,0,0,0,0,0,0,0,0,0,0,0,0,0,0,0,0,0,0,0,0,0,0,0,0,0,0,0,0,0,0,0,0,0,Faroe Islands,Europe
63,Fiji,0,0,0,12,15,18,18,23,28,31,33,44,53,0,0,5,18,18,18,27,28,32,34,42,49,55,0,0,0,0,0,0,1,2,2,2,2,2,2,Fiji,Australia
64,Finland,0,1,10,3000,5500,6600,6950,7200,8100,11300,16800,29000,31000,1,3,1418,4995,6859,7214,7432,8086,9992,16113,24912,36107,45238,0,0,17,211,320,328,329,336,344,358,399,561,671,Finland,Europe
65,France,0,12,9513,50380,68473,76399,81764,86790,98632,123095,167913,200142,230612,5,100,52278,168861,190975,204244,227239,321160,605893,1414364,2276874,2677666,3255920,0,2,3526,24380,28805,29846,30268,30646,31978,36827,52819,64759,76201,France,Europe
66,French Guiana,0,0,0,0,0,0,0,0,0,0,0,0,0,0,0,0,0,0,0,0,0,0,0,0,0,0,0,0,0,0,0,0,0,0,0,0,0,0,0,French Guiana,South America
67,Gabon,0,0,0,67,722,2420,4943,7264,8005,8698,9066,9388,10260,0,0,16,276,2655,5394,7352,8533,8766,8968,9214,9571,10748,0,0,1,3,17,42,49,53,54,55,60,64,68,Gabon,Africa
68,Georgia,0,0,21,184,605,794,940,1240,3120,22691,113986,211727,249028,0,1,110,539,783,928,1168,1487,6192,38936,135584,227420,258111,0,0,0,6,12,15,17,19,39,307,1267,2505,3178,Georgia,Asia
69,Germany,0,16,16100,123500,165352,178100,191992,216795,256861,356410,749219,1350708,1940046,5,79,71808,163009,183410,195418,210399,244802,292913,531790,1069912,1760520,2225659,0,0,775,6623,8540,8990,9147,9303,9495,10483,16694,33791,57163,Germany,Europe
70,Ghana,0,0,31,212,2947,13268,32096,42963,45757,47169,50547,53594,61236,0,0,161,2074,8070,17741,35501,44298,46626,48055,51667,54771,67010,0,0,5,17,36,112,182,276,301,320,323,335,416,Ghana,Africa
71,Gibraltar,0,0,0,0,0,0,0,0,0,0,0,0,0,0,0,0,0,0,0,0,0,0,0,0,0,0,0,0,0,0,0,0,0,0,0,0,0,0,0,Gibraltar,Europe
72,Greece,0,0,52,1374,1374,1374,1374,1347,1347,23074,23074,93764,93764,0,4,1314,2591,2917,3409,4477,10317,18475,39251,105271,138850,156957,0,0,49,140,175,192,206,266,391,626,2406,4838,5796,Greece,Europe
73,Greenland,0,0,0,0,0,0,0,0,0,0,0,0,0,0,0,0,0,0,0,0,0,0,0,0,0,0,0,0,0,0,0,0,0,0,0,0,0,0,0,Greenland,North America
74,Grenada,0,0,0,13,18,23,23,24,24,24,30,107,142,0,0,9,20,23,23,24,24,24,28,41,127,148,0,0,0,0,0,0,0,0,0,0,0,0,1,Grenada,North America
75,Guadeloupe,0,0,0,0,0,0,0,0,0,0,0,0,0,0,0,0,0,0,0,0,0,0,0,0,0,0,0,0,0,0,0,0,0,0,0,0,0,0,0,Guadeloupe,North America
76,Guam,0,0,0,0,0,0,0,0,0,0,0,0,0,0,0,0,0,0,0,0,0,0,0,0,0,0,0,0,0,0,0,0,0,0,0,0,0,0,0,Guam,Australia
77,Guatemala,0,0,12,66,735,3194,36816,62068,80256,97289,110944,126028,144595,0,0,38,599,5087,18096,49789,74074,91746,107939,122062,138012,159504,0,0,1,16,108,773,1924,2760,3246,3729,4171,4813,5643,Guatemala,North America
78,Guernsey,0,0,0,0,0,0,0,0,0,0,0,0,0,0,0,0,0,0,0,0,0,0,0,0,0,0,0,0,0,0,0,0,0,0,0,0,0,0,0,Guernsey,Europe
79,Guinea,0,0,0,329,2030,4326,6458,8447,9996,10550,12045,13141,14208,0,0,22,1495,3706,5391,7308,9409,10652,12072,13119,13722,14546,0,0,0,7,23,33,46,59,66,72,76,81,82,Guinea,Africa
80,Guinea-Bissau,0,0,0,19,42,317,803,1127,1549,1818,2327,2397,2427,0,0,8,205,1256,1654,1981,2205,2324,2413,2441,2452,2634,0,0,0,1,8,24,26,34,39,41,44,45,45,Guinea-Bissau,Africa
81,Guyana,0,0,0,22,70,114,185,718,1680,3228,4392,5820,6591,0,0,12,82,153,245,413,1306,2894,4162,5406,6332,7641,0,0,2,9,12,12,20,39,80,124,151,164,176,Guyana,South America
82,Haiti,0,0,1,8,24,931,4606,5828,6829,7429,8023,8624,9098,0,0,15,76,1584,5847,7378,8209,8740,9054,9272,9999,11533,0,0,0,6,35,104,159,201,227,232,232,236,245,Haiti,North America
83,Honduras,0,0,3,79,537,2060,5554,10396,27922,40129,48073,56694,60873,0,0,141,771,5202,19558,42014,61014,76900,96888,108253,121827,147843,0,0,7,71,212,497,1337,1873,2353,2669,2918,3130,3610,Honduras,North America
84,Hong Kong,0,33,0,0,0,0,0,0,0,0,0,0,0,12,95,0,0,0,0,0,0,0,0,0,0,0,0,2,0,0,0,0,0,0,0,0,0,0,0,Hong Kong,Asia
85,Hungary,0,0,37,581,2147,2692,3353,3761,5890,19032,63860,150102,262968,0,0,492,2775,3876,4155,4505,6139,26461,75321,217122,322514,367586,0,0,16,312,526,585,596,615,765,1750,4823,9537,12524,Hungary,Europe
86,Iceland,0,0,198,1670,1794,1819,1825,1997,2167,3873,5179,5578,5930,0,1,1135,1797,1806,1842,1885,2107,2728,4865,5392,5754,6002,0,0,2,10,10,10,10,10,10,12,26,29,29,Iceland,Europe
87,India,0,3,123,9068,91852,347979,1094374,2839882,5273201,7491513,8889585,9860280,10434983,1,3,1397,34863,190609,585493,1695988,3691166,6312584,8184082,9462809,10266674,10757610,0,0,35,1154,5408,17400,36511,65288,98678,122111,137621,148738,154392,India,Asia
88,Indonesia,0,0,81,1522,7308,24806,65907,125959,214947,337801,450518,611097,873221,0,0,1528,10118,26473,56385,108376,174796,287008,410088,538883,743198,1078314,0,0,136,792,1613,2876,5131,7417,10740,13869,16945,22138,29998,Indonesia,Asia
89,Iran,0,123,14656,75103,118848,188758,263519,323233,380956,481930,668151,988833,1210051,0,593,44605,94640,151466,227662,304204,375212,457219,612772,962070,1225142,1417999,0,43,2898,6028,7797,10817,16766,21571,26169,34864,48246,55223,57959,Iran,Asia
90,Iraq,0,0,170,1375,3156,24760,87434,176602,292197,399655,482674,537841,592129,0,13,694,2085,6439,49109,124609,234934,362981,472630,552549,595291,619636,0,0,50,93,205,1943,4741,7042,9181,10910,12258,12813,13047,Iraq,Asia
91,Ireland,0,0,5,13386,22089,23364,23364,23364,23364,23364,23364,23364,23364,0,1,3235,20612,24990,25473,26065,28811,36155,61456,72544,91779,196547,0,0,71,1232,1652,1736,1763,1777,1804,1913,2053,2237,3307,Ireland,Europe
92,Israel,0,0,210,8924,14675,16735,47225,94369,177829,299869,323681,376322,572511,0,6,5717,15896,17079,25438,71734,116906,247411,314349,337191,423262,643435,0,0,21,225,287,327,564,953,1604,2561,2872,3325,4796,Israel,Asia
93,Italy,0,46,15729,75945,157507,190248,199974,207653,227704,289426,757507,1463111,2010548,2,1128,105792,205463,232997,240578,247537,269214,314861,679430,1601554,2107166,2553032,0,29,12428,27967,33415,34767,35141,35483,35894,38618,55576,74159,88516,Italy,Europe
94,Ivory Coast,0,0,7,574,1435,4273,11428,16699,19291,20365,20964,21934,26007,0,0,179,1275,2833,9499,16047,18067,19724,20716,21331,22490,28399,0,0,1,14,33,68,102,117,120,126,132,137,154,Ivory Coast,Africa
95,Jamaica,0,0,2,29,311,553,726,890,1867,4510,6219,10383,12043,0,0,36,422,586,702,878,2459,6482,9094,10763,12827,15653,0,0,1,8,9,10,10,21,107,206,257,302,350,Jamaica,North America
96,Japan,1,32,424,2460,14342,16458,24774,56338,75522,89765,127289,191295,325436,15,241,1953,14088,16751,18615,36234,68396,83591,101327,148962,235811,390166,0,5,56,430,898,972,1008,1298,1575,1769,2076,3292,5753,Japan,Asia
97,Jersey,0,0,0,0,0,0,0,0,0,0,0,0,0,0,0,0,0,0,0,0,0,0,0,0,0,0,0,0,0,0,0,0,0,0,0,0,0,0,0,Jersey,Europe
98,Jordan,0,0,30,362,522,882,1084,1508,4626,7600,155026,270551,314581,0,0,274,453,739,1132,1193,2034,11825,72607,219430,294494,326855,0,0,5,8,9,9,11,15,61,829,2751,3834,4316,Jordan,Asia
99,Kazakhstan,0,0,24,866,5404,13558,60825,101553,129902,135110,147425,175558,204668,0,0,343,3402,10858,22308,90367,130673,140707,149699,174563,201196,235844,0,0,2,25,40,188,793,1781,2078,2226,2433,2761,3046,Kazakhstan,Asia
100,Kenya,0,0,1,144,478,2039,8165,19893,24908,35876,55344,78737,83907,0,0,59,396,1962,6366,20636,34201,38529,55192,83618,96458,100773,0,0,1,17,64,148,341,577,711,981,1469,1670,1763,Kenya,Africa
101,Kosovo,0,0,6,249,829,1577,4578,9595,13554,15429,25001,40989,52439,0,0,112,799,1064,2878,8330,13454,15620,19328,39596,51144,60218,0,0,1,22,30,51,227,525,625,678,1016,1332,1498,Serbia,Europe
102,Kuwait,0,0,73,1539,11386,37030,57932,77224,96688,116862,137071,146517,157931,0,45,289,4024,27043,46195,66957,85109,105182,125926,142635,150584,165257,0,0,0,26,212,354,447,531,610,779,880,934,959,Kuwait,Asia
103,Kyrgyzstan,0,0,3,462,1170,2443,25037,38459,42879,49983,64711,75918,80987,0,0,107,746,1748,5506,35805,43898,46669,58878,73178,81034,84588,0,0,0,8,16,61,1378,1058,1064,1144,1275,1355,1412,Kyrgyzstan,Asia
104,Laos,0,0,0,8,16,19,19,21,22,22,26,40,41,0,0,9,19,19,19,20,22,23,24,39,41,44,0,0,0,0,0,0,0,0,0,0,0,0,0,Laos,Asia
105,Latvia,0,0,1,348,745,974,1052,1163,1307,1406,1795,27113,54686,0,0,398,858,1066,1118,1231,1396,1824,5894,17075,40904,66241,0,0,0,15,24,30,32,34,37,71,206,635,1195,Latvia,Europe
106,Lebanon,0,0,37,150,712,1183,1761,4811,17565,41624,83034,127959,180877,0,4,470,725,1220,1778,4555,17308,39634,81228,127944,181503,301052,0,0,12,24,27,34,61,167,367,637,1018,1468,3082,Lebanon,Asia
107,Lesotho,0,0,0,0,1,4,144,528,873,975,1278,1480,2552,0,0,0,0,2,27,604,1085,1595,1953,2109,3094,8664,0,0,0,0,0,0,13,31,36,44,44,51,172,Lesotho,Africa
108,Liberia,0,0,0,45,157,324,670,872,1221,1279,1343,1406,1760,0,0,3,141,288,780,1186,1304,1343,1426,1595,1779,1939,0,0,0,16,27,36,75,82,82,82,83,83,84,Liberia,Africa
109,Libya,0,0,1,18,52,209,618,1459,19361,35030,53818,72107,98706,0,0,10,61,156,824,3621,13966,34525,61095,82809,100277,118631,0,0,0,3,5,24,74,237,551,857,1183,1478,1877,Libya,Africa
110,Liechtenstein,0,0,0,55,55,81,85,97,113,347,1088,1810,2352,0,0,68,82,82,82,88,107,118,533,1270,2136,2493,0,0,0,1,1,1,1,1,1,3,16,39,52,Liechtenstein,Europe
111,Lithuania,0,0,0,577,1279,1525,1655,1964,2845,5485,28028,96800,162392,0,1,468,1375,1667,1812,2069,2900,4688,14815,61311,141955,182543,0,0,4,32,54,61,63,69,77,152,620,1796,2808,Lithuania,Europe
112,Luxembourg,0,0,80,3213,3833,3998,5192,7140,7174,10081,26086,40978,47615,0,1,2178,3784,4018,4299,6695,6625,8509,17134,34678,46415,50388,0,0,23,90,110,110,114,124,124,152,321,495,577,Luxembourg,Europe
113,Macau,0,8,0,0,0,0,0,0,0,0,0,0,0,7,10,0,0,0,0,0,0,0,0,0,0,0,0,0,0,0,0,0,0,0,0,0,0,0,0,Macau,Asia
114,Macedonia,0,0,12,738,1552,2475,6554,11157,14959,20731,38946,61447,81681,0,1,329,1465,2226,6334,10754,14341,17977,31572,61878,83329,92693,0,0,9,77,133,302,486,603,739,994,1763,2503,2855,Macedonia,Europe
115,Madagascar,0,0,0,92,168,994,7807,13832,15301,16409,16657,17228,18215,0,0,57,128,771,2214,10868,14863,16408,17111,17341,17714,19065,0,0,0,0,6,20,106,192,230,244,251,261,281,Madagascar,Africa
116,Malawi,0,0,0,7,42,260,1875,3160,4263,5323,5455,5705,8615,0,0,0,37,284,1224,4078,5566,5773,5930,6028,6583,23963,0,0,0,3,4,14,114,175,179,184,185,189,702,Malawi,Africa
117,Malaysia,0,18,537,4171,6353,8354,8644,9054,9967,21248,54759,88941,166049,8,25,2766,6002,7819,8639,8976,9340,11224,31548,65697,113010,214959,0,0,43,102,115,121,125,127,136,249,360,471,760,Malaysia,Asia
118,Maldives,0,0,13,17,453,1944,2607,5155,9108,10814,11939,13141,14139,0,0,18,468,1773,2361,3793,7804,10291,11659,13011,13757,15841,0,0,0,1,5,9,16,28,34,38,46,48,52,Maldives,Asia
119,Mali,0,0,0,135,716,1474,1937,2169,2453,2753,3206,4650,5945,0,0,28,490,1265,2181,2535,2776,3118,3554,4710,7090,8091,0,0,2,26,77,116,124,126,131,136,156,269,330,Mali,Africa
120,Malta,0,0,2,351,534,640,665,1400,2562,4155,7665,11121,14960,0,0,169,465,618,670,824,1883,3058,6042,9873,12774,17903,0,0,0,4,9,9,9,12,35,62,137,219,267,Malta,Europe
121,Marshall Islands,0,0,0,0,0,0,0,0,0,0,1,4,4,0,0,0,0,0,0,0,0,0,2,4,4,4,0,0,0,0,0,0,0,0,0,0,0,0,0,Marshall Islands,Australia
122,Martinique,0,0,0,0,0,0,0,0,0,0,0,0,0,0,0,0,0,0,0,0,0,0,0,0,0,0,0,0,0,0,0,0,0,0,0,0,0,0,0,Martinique,North America
123,Mauritania,0,0,2,6,27,1622,4962,6464,7120,7433,7732,11380,15676,0,0,6,8,530,4363,6310,7048,7502,7703,8601,14364,16635,0,0,1,1,23,129,157,159,161,163,177,347,422,Mauritania,Africa
124,Mauritius,0,0,0,310,322,326,332,335,344,398,456,496,528,0,0,143,332,335,341,344,356,381,441,504,527,569,0,0,5,10,10,10,10,10,10,10,10,10,10,Mauritius,Africa
125,Mayotte,0,0,0,0,0,0,0,0,0,0,0,0,0,0,0,0,0,0,0,0,0,0,0,0,0,0,0,0,0,0,0,0,0,0,0,0,0,0,0,Mayotte,Africa
126,Mexico,0,0,35,11423,63772,174538,327115,496222,628007,779371,823586,1074795,1412393,0,4,1094,19224,90664,226089,424637,599560,743216,924962,1113543,1426094,1864260,0,0,28,1859,9930,27769,46688,64414,77646,91753,105940,125807,158536,Mexico,North America
127,Micronesia,0,0,0,0,0,0,0,0,0,0,0,0,1,0,0,0,0,0,0,0,0,0,0,0,0,1,0,0,0,0,0,0,0,0,0,0,0,0,0,Micronesia,Australia
128,Moldova,0,0,18,1182,4581,9382,17269,25872,38997,55782,95354,130643,150090,0,0,353,3897,8251,16613,24733,36920,53042,76040,107364,144818,159804,0,0,4,116,295,545,778,995,1320,1785,2304,2985,3438,Moldova,Europe
129,Monaco,0,0,2,64,90,95,105,116,181,273,556,708,1257,0,1,52,95,99,103,120,154,218,359,609,875,1489,0,0,1,4,4,4,4,4,2,2,3,3,13,Monaco,Europe
130,Mongolia,0,0,2,10,44,176,230,295,307,313,358,837,1358,0,0,12,38,179,220,291,304,313,346,801,1220,1814,0,0,0,0,0,0,0,0,0,0,0,1,2,Mongolia,Asia
131,Montenegro,0,0,0,214,315,315,1005,4021,7192,14084,24131,38580,53527,0,0,109,322,324,548,3073,4835,10772,18341,35265,48247,61659,0,0,2,7,9,12,48,100,169,301,499,682,805,Montenegro,Europe
132,Morocco,0,0,24,984,5459,8920,17658,47595,102715,181275,305291,407504,449160,0,0,617,4423,7807,12533,24322,62590,123653,219084,356336,439193,471157,0,0,36,170,205,228,353,1141,2194,3695,5846,7388,8275,Morocco,Africa
133,Mozambique,0,0,0,12,91,232,641,2170,5232,10437,13729,16663,23955,0,0,8,76,254,889,1864,3916,8728,12869,15701,18642,38654,0,0,0,0,2,6,11,23,61,92,131,166,367,Mozambique,Africa
134,Namibia,0,0,2,8,14,24,166,3327,9014,11036,13535,20076,32378,0,0,11,16,24,205,2129,7550,11265,12935,14380,23941,33944,0,0,0,0,0,0,10,75,121,133,151,205,352,Namibia,Africa
135,Nepal,0,1,1,16,220,3194,14399,21410,56428,131222,214521,252359,266336,1,1,5,57,1572,13564,19771,39460,77817,170743,233452,260593,270959,0,0,0,0,8,29,56,228,498,937,1508,1856,2029,Nepal,Asia
136,Netherlands,0,0,253,125,178,186,200,1010,4019,5882,6947,9585,12910,0,6,12667,39512,46645,50483,54590,73232,125988,357640,531930,808382,992075,0,0,1040,4811,5975,6132,6166,6252,6457,7459,9453,11525,14108,Netherlands,Europe
137,New Zealand,0,0,74,1252,1481,1484,1518,1598,1770,1857,1962,2082,2208,0,1,647,1479,1504,1528,1562,1752,1848,1959,2059,2162,2304,0,0,1,19,22,22,22,22,25,25,25,25,25,New Zealand,Australia
138,Nicaragua,0,0,0,7,370,1238,2492,2913,2913,4225,4225,4225,4225,0,0,5,14,759,2519,3672,4494,5170,5514,5784,6046,6253,0,0,1,3,35,83,116,137,151,156,160,165,169,Nicaragua,North America
139,Niger,0,0,0,452,839,943,1028,1088,1114,1137,1210,1825,3755,0,0,27,719,958,1075,1134,1176,1197,1220,1548,3323,4517,0,0,3,32,64,67,69,69,69,69,72,104,159,Niger,Africa
140,Nigeria,0,0,8,319,3007,9746,19565,41638,50358,58675,63282,73713,104989,0,1,135,1932,10162,25694,43151,54008,58848,62853,67557,87607,131242,0,0,2,58,287,590,879,1013,1112,1144,1173,1289,1586,Nigeria,Africa
141,North Ireland,0,0,0,0,0,0,0,0,0,0,0,0,0,0,0,0,0,0,0,0,0,0,0,0,0,0,0,0,0,0,0,0,0,0,0,0,0,0,0,Ireland,Europe
142,Norway,0,0,13,32,7727,8138,8752,9348,11190,11863,17998,17998,17998,0,15,4641,7738,8440,8879,9240,10782,14027,20331,36150,49567,62966,0,0,39,210,236,250,255,264,274,282,332,436,564,Norway,Europe
143,Oman,0,1,34,495,2682,23425,61421,80810,88528,103060,115216,121890,126854,0,6,192,2348,11437,40070,79159,85722,98585,114434,123699,128867,134326,0,0,1,11,49,176,421,685,935,1208,1423,1499,1529,Oman,Asia
144,Pakistan,0,0,76,4315,25271,100802,247177,280682,297497,314555,343286,437229,501252,0,4,1938,16817,69496,213470,278305,295849,312806,333970,400482,482178,546428,0,0,26,385,1483,4395,5951,6294,6484,6823,8091,10176,11683,Pakistan,Asia
145,Palestine,0,0,0,0,0,0,0,0,0,0,0,0,0,0,0,0,0,0,0,0,0,0,0,0,0,0,0,0,0,0,0,0,0,0,0,0,0,0,0,Palestine,Asia
146,Panama,0,0,9,576,9514,15745,39166,66173,89061,110552,144462,195138,276417,0,0,1181,6532,13463,33550,65256,92982,112595,133598,165806,246790,320379,0,0,30,188,336,631,1421,2002,2372,2700,3079,4022,5270,Panama,North America
147,Papua New Guinea,0,0,0,0,8,8,11,232,516,575,597,661,812,0,0,1,8,8,11,72,459,534,589,656,780,851,0,0,0,0,0,0,2,5,7,7,7,9,9,Papua New Guinea,Australia
148,Paraguay,0,0,1,113,477,1089,3548,9421,24449,42900,58453,81977,108426,0,0,65,266,986,2221,5338,17662,40758,63185,82424,107932,133227,0,0,3,10,11,17,49,326,857,1404,1756,2262,2718,Paraguay,South America
149,Peru,0,0,394,10405,67208,174535,283915,455457,676925,822316,893061,951318,1052050,0,0,1065,36976,164476,285213,407492,647166,811768,900180,962530,1015137,1138239,0,0,30,1051,4506,9677,19021,28788,32396,34411,35923,37680,41026,Peru,South America
150,Philippines,0,1,49,1043,3909,10233,65178,157562,253488,331046,398658,439796,487551,1,3,2084,8488,18086,37514,93354,220819,311694,380729,431630,474064,525618,0,1,88,568,957,1266,2023,3558,5504,7221,8392,9244,10749,Philippines,Asia
151,Poland,0,0,7,3236,11271,21281,33987,46638,69695,140280,577514,1036138,1270467,0,0,2311,12877,23786,34393,45688,67372,91514,362731,990811,1294878,1513385,0,0,33,644,1064,1463,1716,2039,2513,5631,17150,28554,37180,Poland,Europe
152,Portugal,0,0,43,1519,19409,27505,36483,41961,48530,80280,212942,334276,526411,0,0,7443,25045,32500,42141,51072,58012,75542,141279,298061,413678,720516,0,0,160,989,1410,1576,1735,1822,1971,2507,4505,6906,12482,Portugal,Europe
153,Puerto Rico,0,0,0,0,0,0,0,0,0,0,0,0,0,0,0,0,0,0,0,0,0,0,0,0,0,0,0,0,0,0,0,0,0,0,0,0,0,0,0,Puerto Rico,North America
154,Qatar,0,0,62,1372,30290,81564,107377,115667,122699,129583,136090,141422,145806,0,1,781,13409,56910,96088,110695,118778,125760,132556,138833,143834,151335,0,0,2,10,38,113,174,197,214,232,237,245,248,Qatar,Asia
155,Romania,0,0,220,4017,13256,19050,27007,37869,102476,172513,353188,560793,674594,0,3,2245,12240,19257,26970,50886,87540,127572,241339,475362,632263,728743,0,0,82,717,1266,1651,2343,3621,4825,6968,11331,15767,18335,Romania,Europe
156,Russia,0,2,121,11619,171883,411973,637217,807339,954788,1208440,1763493,2527722,3264611,2,2,2337,106498,405843,646929,838461,992402,1170799,1606267,2275936,3127347,3808348,0,0,17,1073,4693,9306,13939,17128,20630,27787,39491,56271,72029,Russia,Europe
157,Rwanda,0,0,0,104,256,447,1106,2013,3154,4879,5516,6542,10087,0,0,75,243,370,1025,2022,4063,4840,5137,5934,8383,15304,0,0,0,0,1,2,5,16,29,35,49,92,196,Rwanda,Africa
158,Saint Barthelemy,0,0,0,0,0,0,0,0,0,0,0,0,0,0,0,0,0,0,0,0,0,0,0,0,0,0,0,0,0,0,0,0,0,0,0,0,0,0,0,France,Europe
159,Saint Kitts and Nevis,0,0,0,6,15,15,16,17,17,19,19,29,35,0,0,8,15,15,15,17,17,19,19,22,32,37,0,0,0,0,0,0,0,0,0,0,0,0,0,Saint Kitts and Nevis,North America
160,Saint Lucia,0,0,1,15,18,19,22,25,27,28,131,289,618,0,0,13,17,18,19,25,26,27,78,259,353,1195,0,0,0,0,0,0,0,0,0,0,2,5,13,Saint Lucia,North America
161,Saint Vincent and the Grenadines,0,0,1,8,15,29,44,57,64,70,79,98,251,0,0,1,16,26,29,54,60,64,74,85,121,901,0,0,0,0,0,0,0,0,0,0,0,0,2,Saint Vincent and the Grenadines,North America
162,Samoa,0,0,0,0,0,0,0,0,0,0,0,2,2,0,0,0,0,0,0,0,0,0,0,2,2,2,0,0,0,0,0,0,0,0,0,0,0,0,0,Samoa,Australia
163,San Marino,0,0,13,78,357,656,657,660,680,721,1299,2042,2723,0,1,236,569,671,698,699,715,732,928,1612,2428,3025,0,0,26,41,42,42,42,42,42,42,46,59,67,San Marino,Europe
164,Sao Tome and Principe,0,0,0,4,68,236,778,851,886,904,933,971,1023,0,0,0,14,483,714,871,896,911,945,991,1014,1257,0,0,0,0,12,13,15,15,15,16,17,17,17,Sao Tome and Principe,Africa
165,Saudi Arabia,0,0,165,3163,62442,130766,235658,290796,319154,333842,346802,353853,359573,0,0,1563,22753,85261,190823,275905,315772,334605,347282,357360,362741,368074,0,0,10,162,503,1649,2866,3897,4768,5402,5896,6223,6375,Saudi Arabia,Asia
166,Senegal,0,0,40,334,1801,4431,6776,9439,12437,14853,15607,17254,21970,0,0,175,933,3645,6793,10232,13611,14982,15616,16089,19140,26523,0,0,0,9,42,112,205,284,311,324,333,410,628,Senegal,Africa
167,Serbia,0,0,0,1343,6698,12662,0,0,0,0,0,0,0,0,0,900,9009,11412,14564,25552,31406,33551,46954,175438,337923,395263,0,0,16,179,243,277,573,713,749,820,1604,3211,4020,Serbia,Europe
168,Seychelles,0,0,0,6,11,11,39,127,140,149,162,214,1015,0,0,10,11,11,81,114,136,144,153,183,256,1205,0,0,0,0,0,0,0,0,0,0,0,0,4,Seychelles,Africa
169,Sierra Leone,0,0,0,21,454,974,1362,1594,1687,1800,1836,1892,2282,0,0,1,124,861,1462,1823,2022,2231,2366,2412,2611,3593,0,0,0,7,46,60,67,70,72,74,74,76,79,Sierra Leone,Africa
170,Singapore,0,72,240,1244,21699,38500,46491,55658,57488,57913,58134,58449,59228,13,102,926,16169,34884,43907,52205,56812,57765,58015,58218,58599,59536,0,0,3,15,23,26,27,27,27,28,29,29,29,Singapore,Asia
171,Slovakia,0,0,3,524,1366,1464,1695,2377,4395,12617,66041,125971,216052,0,0,363,1396,1521,1667,2292,3917,10141,57664,105929,179543,249913,0,0,0,23,28,28,29,33,48,219,839,2138,4642,Slovakia,Europe
172,Slovenia,0,0,10,233,1358,1384,1797,2296,3804,12091,54138,99382,145722,0,0,802,1429,1473,1600,2156,2883,5690,34307,75814,122152,166473,0,0,15,91,108,111,119,133,150,338,1435,2697,3503,Slovenia,Europe
173,Solomon Islands,0,0,0,0,0,0,0,0,0,4,5,5,10,0,0,0,0,0,0,0,0,0,8,17,17,17,0,0,0,0,0,0,0,0,0,0,0,0,0,Solomon Islands,Australia
174,Somalia,0,0,1,31,348,910,1562,2481,2946,3185,3417,3612,3666,0,0,5,601,1976,2924,3212,3310,3588,3941,4451,4714,4784,0,0,0,28,78,90,93,98,99,104,113,130,130,Somalia,Africa
175,South Africa,0,0,31,2073,16809,73543,326171,540923,608112,654182,731242,879671,1299620,0,0,1353,5647,32683,151209,493183,627041,674339,725452,790004,1057161,1453761,0,0,5,103,683,2657,8005,14149,16734,19276,21535,28469,44164,South Africa,Africa
176,South Korea,0,27,5408,9072,10422,11613,13233,15198,21666,24357,27885,42953,68309,11,3150,9786,10774,11503,12850,14336,20182,23889,26635,34652,61769,78508,0,16,162,248,271,282,301,324,415,466,526,917,1425,South Korea,Asia
177,South Sudan,0,0,0,0,6,279,1175,1290,1290,1290,2954,3131,3613,0,0,0,35,994,2007,2322,2527,2704,2905,3109,3558,3929,0,0,0,0,10,38,46,47,49,58,61,63,64,South Sudan,Africa
178,Spain,0,2,19259,112050,150376,150376,150376,150376,150376,150376,150376,150376,150376,0,45,95923,213435,239479,249271,288522,462858,769188,1185678,1648187,1928265,2743119,0,0,8464,24543,27127,28355,28445,29094,31791,35878,45069,50837,58319,Spain,Europe
179,Sri Lanka,0,1,17,154,801,1711,2391,2868,3230,4399,17560,35329,57159,1,1,143,663,1633,2047,2815,3049,3380,10663,23987,43299,64157,0,0,2,7,10,11,11,12,13,20,118,204,316,Sri Lanka,Asia
180,St. Martin,0,0,0,0,0,0,0,0,0,0,0,0,0,0,0,0,0,0,0,0,0,0,0,0,0,0,0,0,0,0,0,0,0,0,0,0,0,0,0,St. Martin,North America
181,Sudan,0,0,1,39,1423,4014,6119,6612,6764,6764,10302,13524,21410,0,0,7,375,4800,9372,11579,13189,13646,13804,18045,25500,29380,0,0,2,31,286,572,746,823,836,837,1249,1468,1807,Sudan,Africa
182,Suriname,0,0,0,8,9,227,1080,3140,4695,5060,5194,5731,7671,0,0,9,10,23,515,1650,4034,4877,5203,5312,6210,8438,0,0,0,1,1,13,26,71,104,111,117,122,154,Suriname,South America
183,Sweden,0,0,16,1005,4971,0,0,0,0,0,0,0,0,1,12,4435,21092,37542,68451,80422,84379,92863,124355,243129,437379,566957,0,0,180,2586,4395,5333,5743,5808,5893,5938,6681,8727,11591,Sweden,Europe
184,Switzerland,0,0,1823,23400,28500,29200,31100,36100,42700,65200,250200,317600,317600,0,18,16605,29586,30862,31714,35232,42177,53282,154251,327072,452296,521320,0,0,433,1737,1920,1963,1981,2006,2074,2297,4815,7645,9381,Switzerland,Europe
185,Syria,0,0,0,21,46,105,237,629,1103,1976,3560,5350,7562,0,0,10,43,122,279,757,2765,4200,5728,7887,11434,14048,0,0,2,3,5,9,43,112,200,288,417,711,921,Syria,Asia
186,Taiwan,0,9,39,322,423,437,440,462,483,515,565,671,830,10,39,322,429,442,447,467,488,514,555,675,799,911,0,1,5,6,7,7,7,7,7,7,7,7,8,Taiwan,Asia
187,Tajikistan,0,0,0,0,2004,4506,6193,7376,8572,10233,11599,12851,13218,0,0,0,15,3930,5900,7409,8583,9769,11017,12194,13296,13308,0,0,0,0,47,52,60,68,76,82,86,90,90,Tajikistan,Asia
188,Tanzania,0,0,1,167,183,183,183,183,183,183,183,183,183,0,0,19,480,509,509,509,509,509,509,509,509,509,0,0,1,16,21,21,21,21,21,21,21,21,21,Tanzania,Africa
189,Thailand,8,28,342,2687,2963,3056,3125,3252,3379,3592,3811,4273,12514,19,42,1651,2954,3081,3171,3310,3412,3569,3784,4008,7163,19618,0,0,10,54,57,58,58,58,59,59,60,63,77,Thailand,Asia
190,The Gambia,0,0,0,8,20,27,68,1032,2161,3196,3601,3664,3792,0,0,4,11,25,49,498,2963,3579,3672,3742,3797,4090,0,0,1,1,1,2,9,96,112,119,123,124,128,Senegal,Africa
191,Togo,0,0,10,65,211,402,641,1005,1348,1660,2478,3393,4268,0,0,34,116,442,650,941,1400,1784,2331,2974,3633,5074,0,0,1,9,13,14,19,28,48,57,64,68,77,Togo,Africa
192,Trinidad and Tobago,0,0,1,72,108,113,132,676,2560,4610,5771,6650,7168,0,0,87,116,117,130,169,1759,4531,5692,6669,7150,7564,0,0,3,8,8,8,8,22,76,108,120,127,134,Trinidad and Tobago,North America
193,Tunisia,0,0,3,305,960,1031,1195,1573,5032,5032,70851,105364,157446,0,0,394,994,1077,1174,1535,3803,18413,59813,96769,139140,208885,0,0,10,41,48,50,50,77,265,1317,3260,4676,6754,Tunisia,Africa
194,Turkey,0,0,243,48886,127973,173111,214535,244926,279749,323971,404727,2100650,2362415,0,0,13531,120204,163942,199906,230873,270133,318663,375367,638847,2208652,2477463,0,0,214,3174,4540,5131,5691,6370,8195,10252,13746,20881,25993,Turkey,Asia
195,Uganda,0,0,0,52,72,819,1028,1288,4260,7503,8989,11733,14179,0,0,44,83,417,889,1154,2972,8129,12495,20459,35216,39579,0,0,0,0,0,0,3,32,75,111,205,251,324,Uganda,Africa
196,Ukraine,0,0,10,1238,9538,19792,39945,59162,95829,165902,360360,736611,1054177,0,0,645,10406,23672,45254,71404,124132,214446,399330,752343,1086997,1261546,0,0,17,261,708,1173,1717,2605,4221,7399,12731,19281,23860,Ukraine,Europe
197,United Arab Emirates,0,5,61,2429,17932,37566,53909,60931,83724,128902,154899,184442,276958,4,21,664,12481,34557,48667,60506,70231,94190,132629,168860,207822,303609,0,0,6,105,264,315,351,384,419,495,572,669,850,United Arab Emirates,Asia
198,United Kingdom,0,8,179,859,1190,1370,1439,1682,2373,2839,3570,5479,9652,2,23,25481,172481,276156,314160,304793,338083,455846,1014793,1633733,2496231,3828183,0,0,1793,26842,38571,43815,46204,41589,42233,46645,58545,73622,106367,United Kingdom,Europe
199,United States,0,7,7024,153947,444758,720631,1438160,2184825,2840688,3612478,5146319,0,0,6,70,188417,1070402,1791791,2646739,4576186,6043650,7253954,9186169,13655181,20061049,26186781,0,1,3868,63391,104816,127613,153863,184207,207666,232027,271710,352752,447772,United States,North America
200,Uruguay,0,0,41,417,685,824,994,1409,1791,2560,4357,13468,34683,0,0,338,643,823,936,1264,1595,2046,3124,5857,19119,41738,0,0,1,17,22,27,35,44,48,58,77,181,436,Uruguay,South America
201,Uzbekistan,0,0,7,1133,2837,5682,14464,39275,53366,64235,70337,74943,77191,0,0,172,2039,3623,8503,24009,41893,56717,66932,73094,77060,78711,0,0,2,9,15,26,141,320,470,566,610,614,621,Uzbekistan,Asia
202,Vanuatu,0,0,0,0,0,0,0,0,0,0,0,1,1,0,0,0,0,0,0,0,0,0,0,1,1,1,0,0,0,0,0,0,0,0,0,0,0,0,0,Vanuatu,Australia
203,Vatican City,0,0,0,2,2,12,12,12,12,15,15,15,15,0,0,6,11,12,12,12,12,12,27,27,27,27,0,0,0,0,0,0,0,0,0,0,0,0,0,Italy,Europe
204,Venezuela,0,0,39,142,302,1649,10421,38112,65225,86773,97326,107583,118887,0,0,135,333,1510,5832,18574,46728,75122,92013,102394,113558,126927,0,0,3,16,14,51,164,386,628,798,897,1028,1189,Venezuela,South America
205,Vietnam,0,16,58,219,279,335,373,707,1010,1062,1179,1325,1457,2,16,212,270,328,355,558,1044,1094,1180,1347,1465,1817,0,0,0,0,0,0,3,34,35,35,35,35,35,Vietnam,Asia
206,West Bank and Gaza,0,0,18,76,372,451,5077,15056,31743,46309,64987,117183,148993,0,0,119,344,448,2428,11837,22729,39899,53520,85647,138004,158962,0,0,1,2,3,8,82,152,311,483,732,1400,1833,Palestine,Asia
207,Yemen,0,0,0,1,14,488,862,1131,1286,1366,1382,1394,1426,0,0,0,6,323,1158,1728,1958,2034,2063,2077,2099,2121,0,0,0,2,80,312,493,566,587,599,605,610,615,Yemen,Asia
208,Zambia,0,0,0,55,779,1329,3803,11469,13959,15680,16998,18660,48000,0,0,35,106,1057,1594,5963,12097,14759,16432,17647,20725,54217,0,0,0,3,7,24,151,288,332,349,357,388,763,Zambia,Africa
209,Zimbabwe,0,0,0,5,29,162,1004,5221,6303,7894,8482,11250,26044,0,0,8,40,178,591,3169,6497,7838,8367,9950,13867,33388,0,0,1,4,4,7,67,202,228,243,276,363,1217,Zimbabwe,Africa
