,Country,January_2020_recovery,February_2020_recovery,March_2020_recovery,April_2020_recovery,May_2020_recovery,June_2020_recovery,July_2020_recovery,August_2020_recovery,September_2020_recovery,October_2020_recovery,November_2020_recovery,December_2020_recovery,January_2021_recovery,January_2020_cases,February_2020_cases,March_2020_cases,April_2020_cases,May_2020_cases,June_2020_cases,July_2020_cases,August_2020_cases,September_2020_cases,October_2020_cases,November_2020_cases,December_2020_cases,January_2021_cases,January_2020_deaths,February_2020_deaths,March_2020_deaths,April_2020_deaths,May_2020_deaths,June_2020_deaths,July_2020_deaths,August_2020_deaths,September_2020_deaths,October_2020_deaths,November_2020_deaths,December_2020_deaths,January_2021_deaths,ages_10-14_female,ages_10-14_male,ages_20-24_female,ages_20-24_male,ages_30-34_female,ages_30-34_male,ages_40-44_female,ages_40-44_male,ages_50-54_female,ages_50-54_male,ages_65_and_above_female,ages_65_and_above_male,Countries_Binned
0,Afghanistan,0,0,5,260,1328,14131,25509,29089,32789,34321,36831,41727,47679,0,1,175,2127,15208,31507,36665,38159,39268,41425,46274,51526,55023,0,0,4,64,258,752,1284,1403,1460,1538,1795,2191,2400,13.51315874,13.38952152,9.961009138,9.988106849,6.14755378,6.430479033,4.097513887,4.272471397,2.620193463,2.612504517,2.882233877,2.363156433,Asia
1,Albania,0,0,52,470,872,1459,2952,5214,7847,11189,18849,33634,47424,0,0,243,773,1137,2535,5276,9513,13649,20875,38182,58316,78127,0,0,15,31,33,62,157,284,387,509,810,1181,1380,5.478358395,6.127823778,8.085760271,8.261469813,6.886434608,8.088029261,5.617101139,5.194012756,6.903901203,6.233360717,15.04269769,13.39221495,Europe
2,Algeria,0,0,46,1779,5748,9897,20537,31244,36174,40201,53809,67127,73344,0,1,716,4006,9394,13907,30394,44494,51530,57942,83199,99610,107339,0,0,44,450,653,912,1210,1510,1736,1964,2431,2756,2891,8.324689951,8.489353354,7.144027983,7.28309575,8.681971149,8.619346155,6.789647731,6.677523232,4.723239327,4.592930301,6.750311265,6.359306851,Africa
3,Andorra,0,0,10,468,694,799,807,908,1432,3475,5873,7432,9093,0,0,376,745,764,855,925,1176,2050,4756,6745,8049,9937,0,0,12,42,51,52,52,53,53,75,76,84,101,..,..,..,..,..,..,..,..,..,..,..,..,Europe
4,Angola,0,0,1,7,18,93,437,1071,1941,4523,7851,11044,18035,0,0,7,27,86,284,1148,2654,4972,10805,15139,17553,19796,0,0,2,2,4,13,52,108,183,284,348,405,466,13.09818339,13.24566067,8.76425638,8.740961051,6.258883419,6.132921904,4.114095813,3.961275036,2.458228963,2.330429662,2.41000291,1.984219658,Africa
5,Antigua and Barbuda,0,0,0,11,19,22,67,91,92,117,130,148,177,0,0,7,24,26,69,91,94,101,128,141,159,234,0,0,0,3,3,3,3,3,3,3,4,5,7,6.704599714,7.350963693,7.490450422,8.179121043,7.369091198,7.156730913,7.408881108,6.838701415,7.16218367,6.689291584,9.422250517,8.657232503,North America
6,Argentina,0,0,240,1256,5336,22028,83780,301195,594645,973939,1257227,1426676,1721650,0,0,1054,4428,16851,64530,191302,417735,751001,1166924,1424533,1625514,1927239,0,0,27,218,539,1307,3543,8660,16937,31002,38730,43245,47974,7.669148874,8.349701702,7.498040477,8.090249647,7.150474776,7.487550601,6.744031848,6.814146428,5.154307506,4.97166049,12.97891475,9.420209268,South America
7,Armenia,0,0,30,929,3386,14048,28997,37722,44001,55317,108442,142801,157519,0,0,532,2066,9282,25542,38550,43781,50359,89813,135124,159409,167026,0,0,3,32,131,443,738,879,959,1341,2164,2823,3080,5.737462647,7.4076257,5.724056614,6.93115422,9.010513521,9.033048246,6.376738874,6.023062398,6.183819685,5.267636956,13.17889584,9.574783884,Asia
8,Aruba,0,0,0,0,0,0,0,0,0,0,0,0,0,0,0,0,0,0,0,0,0,0,0,0,0,0,0,0,0,0,0,0,0,0,0,0,0,0,0,6.118101921,6.972226077,6.746379795,7.616517654,4.727298763,5.20984081,6.785759035,6.179251829,8.108543505,7.634359574,15.42950221,12.54088773,North America
9,Australia,2,11,358,5742,6618,7040,9983,21350,24784,25336,25602,25762,26061,9,25,4559,6766,7202,7920,17280,25819,27096,27595,27912,28425,28818,0,0,18,93,103,104,201,657,888,907,908,909,909,6.075179762,6.446681147,6.232057521,6.533811488,7.372393166,7.444154639,6.423372826,6.401920883,6.212487321,6.110381617,16.81245386,15.02307608,Australia
10,Austria,0,0,1095,12907,15593,16478,18758,23226,35644,67226,221692,332952,392497,0,9,10180,15452,16731,17766,21130,27438,44813,104925,282456,360815,414398,0,0,128,584,668,705,718,733,799,1109,3184,6222,7721,4.508584764,4.947634361,5.507258683,6.066589861,6.663817105,7.081653203,6.171772706,6.409653965,7.922911358,8.217640575,21.26933244,16.81338419,Europe
11,Azerbaijan,0,0,26,1325,3428,9715,25882,33847,37954,43543,74902,184422,223315,0,0,298,1804,5494,17524,31878,36435,40229,55269,121176,218700,230219,0,0,5,24,63,213,448,534,591,730,1392,2641,3132,6.214927408,7.210665265,7.14135955,7.827232719,9.348941798,9.184075869,6.535204998,6.326545097,6.710089758,6.042783713,7.493533735,5.395872351,Asia
12,Bahamas,0,0,1,25,48,87,91,801,2206,4422,5889,6230,6771,0,0,14,81,102,104,574,2217,4123,6714,7541,7871,8174,0,0,0,11,11,11,14,50,96,144,163,170,176,,,,,,,,,,,,,
13,Bahrain,0,0,295,1500,6673,21331,37840,49047,64838,78719,85141,90217,98599,0,41,567,3040,11398,26758,40982,51972,70864,81645,86956,92675,103057,0,0,4,8,19,87,147,190,251,321,341,352,375,7.78437395,4.37705075,7.129664528,5.762435805,11.59512728,19.00896571,7.727583578,8.898205057,4.97214202,4.711712301,3.221872991,2.125811886,Asia
14,Bangladesh,0,0,25,160,9781,59624,135136,204887,275487,324145,380711,457459,479744,0,0,51,7667,47153,145483,237661,312996,363479,407684,464932,513510,535139,0,0,5,168,650,1847,3111,4281,5251,5923,6644,7559,8127,9.246109914,9.435089506,9.280343729,9.343033595,8.591837337,8.141060231,6.836029745,6.557783915,4.880384447,5.070051891,5.191952746,5.169026364,Asia
15,Barbados,0,0,0,39,76,90,96,146,179,221,250,319,1158,0,0,34,81,92,97,110,174,190,237,276,383,1545,0,0,0,7,7,7,7,7,7,7,7,7,14,5.936251754,6.587279289,6.257422002,6.856706504,6.191298715,6.51379914,6.565097701,6.715509354,6.988151787,6.801956589,17.54898521,14.82209879,North America
16,Belarus,0,0,47,2386,18514,46054,62444,70468,74525,86663,114341,175147,235838,0,1,152,14027,42556,62118,67808,71843,78631,98482,136647,194284,248336,0,0,1,89,235,392,559,681,833,980,1158,1424,1718,4.589216894,5.551723409,4.42725734,5.364992444,7.79905615,9.363616962,6.581103676,7.252461583,6.585200661,6.574107261,19.14580437,10.67041553,Europe
17,Belgium,0,1,1696,11576,15887,16984,17546,18422,19454,25569,0,0,0,0,1,12775,48519,58381,61427,68751,85236,118452,429229,577345,646496,710153,0,0,705,7594,9467,9747,9841,9895,10016,11625,16645,19528,21092,5.532540576,5.966423058,5.556683283,5.96889177,6.373949076,6.52183086,6.334895202,6.694045448,6.759923519,7.149076448,21.1183993,16.85074917,Europe
18,Belize,0,0,0,9,16,18,30,173,1246,2160,3151,9795,11309,0,0,3,18,18,24,48,1007,1992,3487,5854,10776,11908,0,0,0,2,2,2,2,13,27,59,148,248,301,9.584842148,10.01436064,9.922986688,9.947447254,8.161370939,7.791291995,5.948385781,5.574914685,4.366807773,4.299957278,4.749324221,4.986076868,North America
19,Benin,0,0,1,33,143,333,1036,1738,1973,2418,2839,3061,3421,0,0,9,64,232,1199,1805,2145,2357,2643,3015,3251,3893,0,0,0,1,3,21,36,40,41,41,43,44,52,12.10705097,12.48434969,9.093681021,9.293756713,6.442534089,6.42645643,4.483565275,4.348580337,3.062592483,2.884291567,3.736259274,2.791985274,Africa
20,Bhutan,0,0,0,5,6,48,89,142,222,324,381,448,814,0,0,4,7,43,77,101,225,282,349,410,670,859,0,0,0,0,0,0,0,0,0,0,0,0,1,9.23220001,8.407236959,9.856672867,9.934523692,9.430489692,9.869343657,5.970474387,6.591577949,4.186984377,4.253491082,5.855131234,6.304440143,Asia
21,Bolivia,0,0,0,117,968,9340,23582,60408,95529,111503,121702,132097,159222,0,0,107,1110,9982,33219,76789,116598,135311,141757,144708,160124,216835,0,0,6,59,313,1123,2977,5027,7965,8725,8957,9165,10379,9.903529979,10.24653735,9.03667591,9.255155754,7.39893025,7.441175539,5.692552757,5.628233457,4.123369165,3.998383282,7.919904296,6.762029486,South America
22,Bosnia and Herzegovina,0,0,17,727,1862,2402,5959,13095,20616,28083,52769,77225,94604,0,0,420,1757,2510,4453,11876,19964,27469,50090,87901,110985,121497,0,0,13,69,153,186,339,609,856,1234,2681,4050,4679,5.171657269,5.650176676,6.278771095,6.969821233,6.562585538,7.155249354,6.463844237,6.914217537,7.220049412,7.243819423,19.35442308,14.95850752,Europe
23,Botswana,0,0,0,5,20,28,63,224,710,4676,7912,12136,17198,0,0,4,23,35,227,804,1633,3172,6642,10742,14805,21293,0,0,1,1,1,1,2,6,16,24,34,42,134,10.06382888,10.98072373,8.40695132,9.086486506,8.175022087,7.921437265,6.419454819,5.920029871,3.461285303,3.18692129,5.045112295,3.641541814,Africa
24,Brazil,0,0,127,35935,206555,788318,2008854,3268591,4274774,5005161,5597802,6848844,8176373,0,2,5717,87187,514849,1402041,2662485,3908272,4810935,5535605,6335878,7675973,9204731,0,0,201,6006,29314,59594,92475,121381,143952,159884,173120,194949,224504,6.918291926,7.449045223,7.915661768,8.398456193,8.050585279,8.312886641,7.250413704,7.252729985,6.143926296,5.888108489,10.35864346,8.106377941,South America
25,Brunei,0,0,45,124,138,138,138,139,142,143,145,149,170,0,0,129,138,141,141,141,144,146,148,150,157,180,0,0,1,1,2,3,3,3,3,3,3,3,3,,,,,,,,,,,,,
26,Bulgaria,0,0,17,266,1074,2676,6319,11483,14634,20045,50565,119527,187052,0,0,399,1506,2513,4989,11690,16266,20833,52844,145300,202266,218748,0,0,8,66,140,230,383,629,825,1279,4035,7576,9045,4.928080425,5.517471193,4.17942686,4.734336572,6.533107893,7.385059178,7.296233427,8.18860524,6.540802203,7.020182621,24.70556765,17.59801462,Europe
27,Burkina Faso,0,0,32,506,720,838,935,1058,1335,2250,2593,5100,9253,0,0,261,645,847,962,1106,1368,2056,2500,2886,6707,10682,0,0,14,43,53,53,53,55,58,67,68,85,120,12.77593821,13.28713075,8.99464487,9.293870754,6.291032022,6.3400801,4.296764305,4.13860222,2.790062012,2.453089712,2.917361971,1.895923185,Africa
28,Burma,0,0,0,27,138,222,296,354,3755,32774,70156,107069,125072,0,0,15,151,224,299,353,882,13373,52706,90713,124630,140145,0,0,1,6,6,6,6,6,310,1237,1941,2682,3131,,,,,,,,,,,,,
29,Burundi,0,0,0,4,33,115,304,357,472,511,575,687,773,0,0,2,11,63,170,387,445,508,585,688,818,1632,0,0,0,1,1,1,1,1,1,1,1,2,2,12.43262385,12.71231903,8.895329659,8.951199058,7.334586117,7.302026163,3.631881057,3.531533901,2.383461735,2.075804321,2.563705038,2.056360321,Africa
30,Cambodia,0,1,23,119,123,130,164,266,275,283,304,362,443,1,1,109,122,125,141,239,274,277,291,326,378,466,0,0,0,0,0,0,0,0,0,0,0,0,0,9.308513222,10.18299905,9.104583408,9.876190514,7.986405785,7.832055316,3.58744655,3.286442616,4.580493503,4.182885228,5.568694013,3.825401709,Asia
31,Cameroon,0,0,5,934,3568,10100,15320,17651,19440,20117,22177,24892,28045,0,0,193,1832,5904,12592,17255,19142,20838,21793,24445,26277,29617,0,0,6,61,191,313,391,411,418,426,437,448,462,12.41767164,12.59705618,9.094057346,9.148698509,6.995469162,6.998609266,4.449764808,4.460442129,2.740494907,2.6781911,3.01979081,2.427625563,Africa
32,Canada,0,6,1592,21424,49213,69120,102906,116020,137181,198952,304595,493638,710699,3,20,8527,54457,92479,106097,118281,130918,161107,237313,381557,584409,783695,0,0,152,4179,7906,8780,9025,9193,9391,10276,12239,15762,20041,5.099811646,5.423626682,6.240302427,6.632415653,6.878562144,6.984336714,6.470290489,6.492366918,6.566366892,6.717275554,18.93577398,16.340662,North America
33,Cape Verde,0,0,0,4,193,629,1824,2916,5277,7981,10329,11559,13144,0,0,6,121,435,1227,2451,3884,6024,8793,10761,11840,14070,0,0,1,1,4,15,23,40,60,95,105,113,134,,,,,,,,,,,,,
34,Cayman Islands,0,0,0,0,0,0,0,0,0,0,0,0,0,0,0,0,0,0,0,0,0,0,0,0,0,0,0,0,0,0,0,0,0,0,0,0,0,0,0,..,..,..,..,..,..,..,..,..,..,..,..,North America
35,Central African Republic,0,0,0,10,23,787,1606,1790,1914,1924,1924,1924,4885,0,0,3,50,1011,3745,4608,4711,4829,4866,4913,4963,4981,0,0,0,0,2,47,59,62,62,62,63,63,63,13.69280371,14.02971038,9.681072168,9.880343014,5.683255014,5.797643085,3.841081796,3.803870197,2.75517444,2.589102851,3.368117914,2.251769047,Africa
36,Chad,0,0,0,33,491,781,813,880,1007,1314,1525,1704,2464,0,0,7,73,778,866,936,1013,1200,1483,1688,2113,3376,0,0,0,5,65,74,75,77,85,98,101,104,118,13.28083132,13.37663535,9.247141376,9.330895637,5.947778462,5.98774804,3.66302045,3.695649607,2.237452356,2.150901662,2.71089708,2.271697761,Africa
37,Channel Islands,0,0,0,0,0,0,0,0,0,0,0,0,0,0,0,0,0,0,0,0,0,0,0,0,0,0,0,0,0,0,0,0,0,0,0,0,0,0,0,,,,,,,,,,,,,
38,Chile,0,0,156,8580,42727,241229,328327,383879,436589,486642,526604,577382,681981,0,0,2738,16023,99688,279393,355667,411726,462991,510256,551743,608973,727109,0,0,12,227,1054,5688,9457,11289,12741,14207,15410,16608,18452,6.358276846,6.771679555,7.349904441,7.798293986,7.723224166,8.180534018,6.813061581,7.005478831,6.420200242,6.336205522,13.34145868,10.37972017,South America
39,China,214,39279,76200,78523,79389,79632,80787,84594,85460,86135,87017,89923,92779,9783,79251,82279,83956,84146,84785,87655,89914,90545,91366,92902,95963,100063,213,2835,3309,4637,4638,4641,4661,4723,4739,4739,4743,4782,4817,5.535714505,6.123239065,5.96139077,6.38320575,8.833293813,8.910085033,6.984963849,6.954024745,8.552534303,8.284975686,12.49820598,10.49846481,Asia
40,Colombia,0,0,31,1439,7032,40021,154387,459460,743653,968927,1210489,1508419,1938322,0,0,906,6507,27219,95269,295508,615094,829679,1073809,1316806,1642775,2094884,0,0,16,293,916,3376,10105,19662,25998,31598,36766,43213,53983,7.51666748,8.142258267,8.486649432,9.085527718,7.760452661,8.046871968,6.795301693,6.483524812,5.947206478,5.517441635,9.576758207,7.92467408,South America
41,Comoros,0,0,0,0,26,200,330,399,464,498,586,705,1731,0,0,0,1,106,303,378,423,479,545,611,823,2726,0,0,0,0,2,7,7,7,7,7,7,10,93,11.59573232,11.78910091,9.125855801,9.244891778,7.29105651,7.331376249,4.842048847,4.802777195,3.259335849,3.165117309,3.355854307,2.759954335,Africa
42,Congo,0,0,0,0,0,0,0,0,0,0,0,0,0,0,0,0,0,0,0,0,0,0,0,0,0,0,0,0,0,0,0,0,0,0,0,0,0,0,0,,,,,,,,,,,,,
43,Congo (Brazzaville),0,0,0,19,179,456,829,1742,3887,3887,4988,5846,5846,0,0,19,220,611,1087,3200,3979,5089,5290,5774,7107,7887,0,0,0,9,20,37,54,78,89,92,94,108,117,,,,,,,,,,,,,
44,Congo (Kinshasa),0,0,2,73,448,1426,6796,9133,10139,10585,11585,14701,15031,0,0,98,572,3070,7039,9070,10097,10659,11306,12772,17658,22771,0,0,8,31,72,170,215,258,272,307,333,591,671,,,,,,,,,,,,,
45,Costa Rica,0,0,4,338,669,1436,4404,16056,37841,66719,87526,131923,151952,0,0,347,719,1056,3459,17820,41287,75760,109971,139638,169321,193276,0,0,2,6,10,16,150,436,904,1385,1726,2185,2604,6.875108415,7.205081864,7.892485689,8.214620269,8.346382725,8.554793405,6.700456471,6.693256279,6.183550084,5.970492428,10.58477906,9.175517207,North America
46,Croatia,0,0,67,1348,2072,2155,4267,7434,15057,32818,105199,198018,224476,0,6,867,2076,2246,2777,5139,10269,16593,49316,128442,210837,232426,0,0,6,69,103,107,145,186,280,546,1786,3920,5027,4.748295086,5.376793642,5.478805616,6.191762374,6.073399605,6.737034645,6.587116476,7.287884765,6.797555838,7.093564621,24.10184817,17.37469316,Europe
47,Cuba,0,0,8,681,1809,2214,2355,3378,4893,6245,7631,10125,20863,0,0,186,1501,2045,2341,2608,4032,5597,6887,8284,11863,26686,0,0,6,61,83,86,87,94,122,128,135,146,214,5.168611087,5.545984241,6.037465937,6.481586118,7.098659622,7.453613479,5.744646096,5.958107495,9.027148274,8.759653642,16.80717883,14.30578003,North America
48,Cyprus,0,0,23,296,790,833,852,1139,1369,1882,2057,2057,2057,0,0,262,850,944,998,1114,1488,1755,4366,10565,22019,30876,0,0,8,15,17,19,19,20,22,26,49,119,199,5.456908909,5.814312436,7.340511984,8.244993718,7.870150198,8.346112195,7.333503538,6.936126829,6.374180888,6.119837076,15.28625327,12.81017592,Asia
49,Czech Republic,0,0,45,3314,6558,7771,11569,17807,33443,143359,451607,592581,871917,0,0,3308,7682,9268,11954,16574,24618,68919,335102,523298,718661,984774,0,0,31,236,320,349,382,424,655,3251,8295,11580,16308,5.038034773,5.477577962,4.410670552,4.766712263,6.459675956,7.048188923,8.419634214,9.150219327,6.12813468,6.536234837,22.52439632,16.99040495,Europe
50,Denmark,0,0,77,6741,10560,11849,12780,15593,21197,35020,64031,127844,187996,0,3,3039,9356,11869,12968,14028,17410,28479,46863,81002,164116,199156,0,0,90,452,574,605,615,624,650,721,837,1298,2126,5.677545177,6.063584967,6.364712348,6.78840648,5.796351395,6.07111196,6.30920283,6.378464159,7.175337373,7.469215994,21.38911621,18.52532275,Europe
51,Djibouti,0,0,0,642,1504,4524,4999,5323,5344,5441,5584,5728,5845,0,0,30,1089,3354,4682,5084,5387,5416,5561,5679,5831,5932,0,0,0,2,24,54,58,60,61,61,61,61,63,8.553107602,9.535948057,8.90578627,9.488482206,8.841012976,8.651286168,6.554883993,6.746401483,4.3361279,4.116051076,5.0445181,4.217038092,Africa
52,Dominica,0,0,0,13,16,18,18,18,24,33,63,83,106,0,0,12,16,16,18,18,20,30,50,85,88,117,0,0,0,0,0,0,0,0,0,0,0,0,0,..,..,..,..,..,..,..,..,..,..,..,..,North America
53,Dominican Republic,0,0,5,1301,10559,17580,36470,68082,87629,104862,115219,131185,157533,0,0,1109,6972,17285,32568,69649,94715,112209,127018,143988,170785,214060,0,0,51,301,502,747,1160,1710,2105,2245,2331,2414,2666,8.893791812,9.262666044,8.660857485,8.920207566,7.601048177,7.536471819,6.191102188,6.091724532,5.073073257,4.839795326,7.767387296,6.828764052,North America
54,Ecuador,0,0,54,1558,19592,27594,36044,101669,112296,141759,169804,184507,209814,0,0,2240,24934,39098,56432,85355,113767,137047,168192,192685,212512,250828,0,0,75,900,3358,4527,5702,6556,11355,12670,13461,14034,14859,8.75322031,9.1251618,8.79067207,9.066960229,7.673752788,7.725689021,6.261826038,6.144523316,4.931943058,4.750619844,7.924410094,6.820388777,South America
55,Egypt,0,1,157,1381,6037,18460,39638,72929,96494,99452,102718,112105,129636,0,1,710,5537,24985,68311,94078,98939,103198,107555,115911,138062,165951,0,0,46,392,959,2953,4805,5421,5930,6266,6650,7631,9316,,,,,,,,,,,,,
56,El Salvador,0,0,0,119,1040,3770,8362,14292,23813,29186,35078,45960,48711,0,0,32,395,2517,6438,16632,25729,29077,33445,38405,45960,54966,0,0,1,10,46,174,448,717,843,975,1114,1327,1623,8.320017772,9.81390529,9.51088232,10.38019709,7.405143203,6.874751311,6.268969392,5.428079354,4.988255777,4.217535961,9.281449433,7.548837334,North America
57,Equatorial Guinea,0,0,1,9,200,515,2182,3884,4769,4965,5009,5136,5286,0,0,12,315,1306,2001,4821,4941,5030,5088,5153,5277,5516,0,0,0,1,12,32,83,83,83,83,85,86,86,11.36909022,9.327388525,9.213181236,10.30029596,8.290667415,11.30517376,4.27229353,5.291427829,2.703937,2.627805201,2.825997785,2.103544201,Africa
58,Eritrea,0,0,0,26,39,53,225,284,341,412,498,643,1594,0,0,15,39,39,203,279,319,375,463,577,1320,2135,0,0,0,0,0,0,0,0,0,0,0,3,7,..,..,..,..,..,..,..,..,..,..,..,..,Africa
59,Estonia,0,0,26,249,1624,1829,1930,2088,2605,3811,7078,18326,33738,0,1,745,1689,1869,1989,2064,2375,3371,4905,12308,27990,44208,0,0,4,52,68,69,69,64,64,73,118,229,419,5.118286523,6.073479236,4.287841745,5.050061759,6.862149028,8.45639983,6.261882656,7.404257085,5.739868359,6.080181799,24.8253634,14.59802179,Europe
60,Eswatini,0,0,0,12,189,408,1214,3529,4912,5646,6006,7073,10478,0,0,9,100,285,812,2648,4577,5482,5917,6419,9358,15711,0,0,0,1,2,11,41,91,109,117,122,205,565,12.40776775,13.01320208,9.307534215,10.44012864,7.699417265,6.563549459,5.478838903,4.501323762,2.14694632,2.8253878,5.026283734,2.960784662,Africa
61,Ethiopia,0,0,2,59,209,2430,6950,18994,31204,52517,73808,112096,122862,0,0,26,131,1172,5846,17530,52131,75368,96169,110074,124264,137650,0,0,0,3,11,103,274,809,1198,1469,1706,1923,2093,12.08345823,12.31971859,10.08487116,10.28499024,6.46404957,6.427789841,4.264731269,4.223309961,2.854790255,2.651825051,3.788767446,3.244876385,Africa
62,Faroe Islands,0,0,0,0,0,0,0,0,0,0,0,0,0,0,0,0,0,0,0,0,0,0,0,0,0,0,0,0,0,0,0,0,0,0,0,0,0,0,0,..,..,..,..,..,..,..,..,..,..,..,..,Europe
63,Fiji,0,0,0,12,15,18,18,23,28,31,33,44,53,0,0,5,18,18,18,27,28,32,34,42,49,55,0,0,0,0,0,0,1,2,2,2,2,2,2,9.157714421,9.328785987,8.013512652,8.106058422,7.458154516,7.637944913,6.153814613,6.383728898,5.345834586,5.331526813,6.298235064,4.969409636,Australia
64,Finland,0,1,10,3000,5500,6600,6950,7200,8100,11300,16800,29000,31000,1,3,1418,4995,6859,7214,7432,8086,9992,16113,24912,36107,45238,0,0,17,211,320,328,329,336,344,358,399,561,671,5.35460716,5.758852454,5.562988846,6.01204161,5.993620561,6.550797335,5.885704161,6.353306126,6.369491923,6.594981685,24.4663985,19.74890089,Europe
65,France,0,12,9513,50380,68473,76399,81764,86790,98632,123095,167913,200142,230612,5,100,52278,168861,190975,204244,227239,321160,605893,1414364,2276874,2677666,3255920,0,2,3526,24380,28805,29846,30268,30646,31978,36827,52819,64759,76201,5.794971778,6.472237112,5.447639009,5.924999145,6.021740004,6.185383975,6.011676097,6.248645894,6.594186495,6.795379491,22.48153762,18.16407267,Europe
66,French Guiana,0,0,0,0,0,0,0,0,0,0,0,0,0,0,0,0,0,0,0,0,0,0,0,0,0,0,0,0,0,0,0,0,0,0,0,0,0,0,0,,,,,,,,,,,,,
67,Gabon,0,0,0,67,722,2420,4943,7264,8005,8698,9066,9388,10260,0,0,16,276,2655,5394,7352,8533,8766,8968,9214,9571,10748,0,0,1,3,17,42,49,53,54,55,60,64,68,10.28905106,10.0751949,8.378016966,8.196407134,8.527868896,8.555205606,5.216778915,6.146943749,3.339691256,3.512500542,4.029685311,3.077313884,Africa
68,Georgia,0,0,21,184,605,794,940,1240,3120,22691,113986,211727,249028,0,1,110,539,783,928,1168,1487,6192,38936,135584,227420,258111,0,0,0,6,12,15,17,19,39,307,1267,2505,3178,5.537491529,6.785699856,5.492346076,6.647223681,7.004383987,7.5849157,6.46636879,6.720528424,6.4325097,6.201623199,18.04302113,11.78894531,Asia
69,Germany,0,16,16100,123500,165352,178100,191992,216795,256861,356410,749219,1350708,1940046,5,79,71808,163009,183410,195418,210399,244802,292913,531790,1069912,1760520,2225659,0,0,775,6623,8540,8990,9147,9303,9495,10483,16694,33791,57163,4.322045004,4.778841922,5.145877616,5.760829051,6.224063818,6.819220243,5.85651803,6.091185229,8.081471979,8.359439954,23.93485974,19.1319838,Europe
70,Ghana,0,0,31,212,2947,13268,32096,42963,45757,47169,50547,53594,61236,0,0,161,2074,8070,17741,35501,44298,46626,48055,51667,54771,67010,0,0,5,17,36,112,182,276,301,320,323,335,416,11.12944524,11.29402755,9.150119066,9.317008221,7.213387858,7.331861018,5.227862415,5.19848553,3.855864494,3.735591511,3.39539889,2.807268979,Africa
71,Gibraltar,0,0,0,0,0,0,0,0,0,0,0,0,0,0,0,0,0,0,0,0,0,0,0,0,0,0,0,0,0,0,0,0,0,0,0,0,0,0,0,..,..,..,..,..,..,..,..,..,..,..,..,Europe
72,Greece,0,0,52,1374,1374,1374,1374,1347,1347,23074,23074,93764,93764,0,4,1314,2591,2917,3409,4477,10317,18475,39251,105271,138850,156957,0,0,49,140,175,192,206,266,391,626,2406,4838,5796,4.960160752,5.454817801,4.849883704,5.296351342,5.677102202,6.30101624,7.263134051,7.75287325,7.489988622,7.532992771,23.9866925,19.82023219,Europe
73,Greenland,0,0,0,0,0,0,0,0,0,0,0,0,0,0,0,0,0,0,0,0,0,0,0,0,0,0,0,0,0,0,0,0,0,0,0,0,0,0,0,..,..,..,..,..,..,..,..,..,..,..,..,North America
74,Grenada,0,0,0,13,18,23,23,24,24,24,30,107,142,0,0,9,20,23,23,24,24,24,28,41,127,148,0,0,0,0,0,0,0,0,0,0,0,0,1,7.335900389,7.643639457,8.008852742,8.070747528,8.208579243,8.460638713,5.66611487,5.71899479,5.236073125,5.458476589,10.63408666,8.740651473,North America
75,Guadeloupe,0,0,0,0,0,0,0,0,0,0,0,0,0,0,0,0,0,0,0,0,0,0,0,0,0,0,0,0,0,0,0,0,0,0,0,0,0,0,0,,,,,,,,,,,,,
76,Guam,0,0,0,0,0,0,0,0,0,0,0,0,0,0,0,0,0,0,0,0,0,0,0,0,0,0,0,0,0,0,0,0,0,0,0,0,0,0,0,7.868884115,8.159929889,7.942504043,8.546016557,6.851480847,6.784940251,5.829250042,5.857621659,5.988558739,6.288712294,11.35074465,9.052903348,Australia
77,Guatemala,0,0,12,66,735,3194,36816,62068,80256,97289,110944,126028,144595,0,0,38,599,5087,18096,49789,74074,91746,107939,122062,138012,159504,0,0,1,16,108,773,1924,2760,3246,3729,4171,4813,5643,10.59204446,11.38641678,9.812760732,10.35712677,7.519195707,7.47780299,5.488175453,4.920039954,3.484930717,2.885594028,5.38429188,4.459933371,North America
78,Guernsey,0,0,0,0,0,0,0,0,0,0,0,0,0,0,0,0,0,0,0,0,0,0,0,0,0,0,0,0,0,0,0,0,0,0,0,0,0,0,0,,,,,,,,,,,,,
79,Guinea,0,0,0,329,2030,4326,6458,8447,9996,10550,12045,13141,14208,0,0,22,1495,3706,5391,7308,9409,10652,12072,13119,13722,14546,0,0,0,7,23,33,46,59,66,72,76,81,82,12.44081342,13.5274871,9.459119226,10.33814866,6.270284297,6.096909298,4.147977395,3.326492136,2.921816861,2.140226968,3.5300373,2.312038047,Africa
80,Guinea-Bissau,0,0,0,19,42,317,803,1127,1549,1818,2327,2397,2427,0,0,8,205,1256,1654,1981,2205,2324,2413,2441,2452,2634,0,0,0,1,8,24,26,34,39,41,44,45,45,11.9797893,12.61685677,9.145423775,9.345239934,7.143802683,6.937433896,4.501789107,4.263241815,2.669710627,2.457334031,3.446551819,2.253044374,Africa
81,Guyana,0,0,0,22,70,114,185,718,1680,3228,4392,5820,6591,0,0,12,82,153,245,413,1306,2894,4162,5406,6332,7641,0,0,2,9,12,12,20,39,80,124,151,164,176,9.005812521,9.162129931,9.622237512,10.33104399,5.650776372,5.568170549,5.861043789,5.765744232,5.400971492,5.406450005,7.362953911,6.06706317,South America
82,Haiti,0,0,1,8,24,931,4606,5828,6829,7429,8023,8624,9098,0,0,15,76,1584,5847,7378,8209,8740,9054,9272,9999,11533,0,0,0,6,35,104,159,201,227,232,232,236,245,10.34112274,10.92672083,9.323768032,9.450327084,8.042106163,7.967869561,5.426990143,5.147225527,3.82269126,3.596842952,5.560808787,4.553425618,North America
83,Honduras,0,0,3,79,537,2060,5554,10396,27922,40129,48073,56694,60873,0,0,141,771,5202,19558,42014,61014,76900,96888,108253,121827,147843,0,0,7,71,212,497,1337,1873,2353,2669,2918,3130,3610,10.3556791,10.79837026,10.07274579,10.42254314,7.82160213,7.909929649,5.840679368,5.637324671,3.928854749,3.588010172,5.309648869,4.345887467,North America
84,Hong Kong,0,33,0,0,0,0,0,0,0,0,0,0,0,12,95,0,0,0,0,0,0,0,0,0,0,0,0,2,0,0,0,0,0,0,0,0,0,0,0,,,,,,,,,,,,,
85,Hungary,0,0,37,581,2147,2692,3353,3761,5890,19032,63860,150102,262968,0,0,492,2775,3876,4155,4505,6139,26461,75321,217122,322514,367586,0,0,16,312,526,585,596,615,765,1750,4823,9537,12524,4.662824071,5.405956708,5.163431782,5.977583681,5.875802483,6.746400477,8.083948759,9.020626051,6.284633098,6.647990018,23.34000469,15.67903217,Europe
86,Iceland,0,0,198,1670,1794,1819,1825,1997,2167,3873,5179,5578,5930,0,1,1135,1797,1806,1842,1885,2107,2728,4865,5392,5754,6002,0,0,2,10,10,10,10,10,10,12,26,29,29,6.588589336,6.944134406,6.599252401,6.855430888,6.731355927,6.90360101,6.348077983,6.379016625,6.249740828,6.04711273,15.95076034,14.43693826,Europe
87,India,0,3,123,9068,91852,347979,1094374,2839882,5273201,7491513,8889585,9860280,10434983,1,3,1397,34863,190609,585493,1695988,3691166,6312584,8184082,9462809,10266674,10757610,0,0,35,1154,5408,17400,36511,65288,98678,122111,137621,148738,154392,9.168644121,9.408449617,8.733829192,9.079786217,8.047954586,8.201771099,6.496530341,6.410648112,5.020352157,4.856128284,6.877643252,5.916081749,Asia
88,Indonesia,0,0,81,1522,7308,24806,65907,125959,214947,337801,450518,611097,873221,0,0,1528,10118,26473,56385,108376,174796,287008,410088,538883,743198,1078314,0,0,136,792,1613,2876,5131,7417,10740,13869,16945,22138,29998,8.303097076,8.667843044,8.130997331,8.429289019,7.545252641,7.371468862,7.179198493,7.17533584,5.769186484,5.717743939,6.640327103,5.468553658,Asia
89,Iran,0,123,14656,75103,118848,188758,263519,323233,380956,481930,668151,988833,1210051,0,593,44605,94640,151466,227662,304204,375212,457219,612772,962070,1225142,1417999,0,43,2898,6028,7797,10817,16766,21571,26169,34864,48246,55223,57959,,,,,,,,,,,,,
90,Iraq,0,0,170,1375,3156,24760,87434,176602,292197,399655,482674,537841,592129,0,13,694,2085,6439,49109,124609,234934,362981,472630,552549,595291,619636,0,0,50,93,205,1943,4741,7042,9181,10910,12258,12813,13047,11.17754555,11.51417362,9.389866863,9.575743067,7.173842793,7.286997556,5.321672317,5.309817395,3.55781692,3.216594525,3.799036717,3.007588951,Asia
91,Ireland,0,0,5,13386,22089,23364,23364,23364,23364,23364,23364,23364,23364,0,1,3235,20612,24990,25473,26065,28811,36155,61456,72544,91779,196547,0,0,71,1232,1652,1736,1763,1777,1804,1913,2053,2237,3307,6.957416019,7.354056979,5.667701863,5.936960508,6.583688335,6.540985082,8.137418295,7.874817641,6.23532568,6.272286616,14.95036747,13.48425416,Europe
92,Israel,0,0,210,8924,14675,16735,47225,94369,177829,299869,323681,376322,572511,0,6,5717,15896,17079,25438,71734,116906,247411,314349,337191,423262,643435,0,0,21,225,287,327,564,953,1604,2561,2872,3325,4796,8.191691542,8.74072263,6.96314332,7.414391195,6.514362527,6.694833795,6.310488024,6.299089025,4.832012547,4.716841537,13.45251779,10.95171555,Asia
93,Italy,0,46,15729,75945,157507,190248,199974,207653,227704,289426,757507,1463111,2010548,2,1128,105792,205463,232997,240578,247537,269214,314861,679430,1601554,2107166,2553032,0,29,12428,27967,33415,34767,35141,35483,35894,38618,55576,74159,88516,4.478286363,5.011894524,4.574114294,5.20440643,5.398089109,5.810023307,6.96900842,7.323965366,7.992825257,8.183449767,25.33116395,20.56534674,Europe
94,Ivory Coast,0,0,7,574,1435,4273,11428,16699,19291,20365,20964,21934,26007,0,0,179,1275,2833,9499,16047,18067,19724,20716,21331,22490,28399,0,0,1,14,33,68,102,117,120,126,132,137,154,,,,,,,,,,,,,
95,Jamaica,0,0,2,29,311,553,726,890,1867,4510,6219,10383,12043,0,0,36,422,586,702,878,2459,6482,9094,10763,12827,15653,0,0,1,8,9,10,10,21,107,206,257,302,350,7.566297555,7.920435602,8.751971127,9.219317902,7.698592914,7.908206488,6.323367846,5.707307409,5.89643914,5.577022928,9.116322243,8.72557593,North America
96,Japan,1,32,424,2460,14342,16458,24774,56338,75522,89765,127289,191295,325436,15,241,1953,14088,16751,18615,36234,68396,83591,101327,148962,235811,390166,0,5,56,430,898,972,1008,1298,1575,1769,2076,3292,5753,4.188652689,4.629140677,4.526568322,4.99153273,5.229862233,5.744726701,6.660401683,7.222701549,6.450776012,6.862775989,30.87896841,24.9887434,Asia
97,Jersey,0,0,0,0,0,0,0,0,0,0,0,0,0,0,0,0,0,0,0,0,0,0,0,0,0,0,0,0,0,0,0,0,0,0,0,0,0,0,0,,,,,,,,,,,,,
98,Jordan,0,0,30,362,522,882,1084,1508,4626,7600,155026,270551,314581,0,0,274,453,739,1132,1193,2034,11825,72607,219430,294494,326855,0,0,5,8,9,9,11,15,61,829,2751,3834,4316,11.23285601,11.2059047,9.23820112,9.165036088,7.617627968,7.612783738,5.795731046,5.980405674,4.040467621,4.196792038,4.193660516,3.600806929,Asia
99,Kazakhstan,0,0,24,866,5404,13558,60825,101553,129902,135110,147425,175558,204668,0,0,343,3402,10858,22308,90367,130673,140707,149699,174563,201196,235844,0,0,2,25,40,188,793,1781,2078,2226,2433,2761,3046,7.644450596,8.58654581,5.942853577,6.592080184,8.657320172,8.91018799,6.251396352,6.380852188,5.538421851,5.165163403,9.590339871,5.595675171,Asia
100,Kenya,0,0,1,144,478,2039,8165,19893,24908,35876,55344,78737,83907,0,0,59,396,1962,6366,20636,34201,38529,55192,83618,96458,100773,0,0,1,17,64,148,341,577,711,981,1469,1670,1763,12.43053299,12.79189241,9.581372912,9.69341923,7.536818682,7.489565844,5.05922802,5.001148058,2.963606907,2.849154415,2.794274899,2.048691425,Africa
101,Kosovo,0,0,6,249,829,1577,4578,9595,13554,15429,25001,40989,52439,0,0,112,799,1064,2878,8330,13454,15620,19328,39596,51144,60218,0,0,1,22,30,51,227,525,625,678,1016,1332,1498,,,,,,,,,,,,,
102,Kuwait,0,0,73,1539,11386,37030,57932,77224,96688,116862,137071,146517,157931,0,45,289,4024,27043,46195,66957,85109,105182,125926,142635,150584,165257,0,0,0,26,212,354,447,531,610,779,880,934,959,7.865405694,6.319879987,5.703877442,4.552574954,9.313622324,9.40487036,10.50922676,12.94111909,6.671443569,8.191435611,2.686947012,2.813517463,Asia
103,Kyrgyzstan,0,0,3,462,1170,2443,25037,38459,42879,49983,64711,75918,80987,0,0,107,746,1748,5506,35805,43898,46669,58878,73178,81034,84588,0,0,0,8,16,61,1378,1058,1064,1144,1275,1355,1412,,,,,,,,,,,,,
104,Laos,0,0,0,8,16,19,19,21,22,22,26,40,41,0,0,9,19,19,19,20,22,23,24,39,41,44,0,0,0,0,0,0,0,0,0,0,0,0,0,,,,,,,,,,,,,
105,Latvia,0,0,1,348,745,974,1052,1163,1307,1406,1795,27113,54686,0,0,398,858,1066,1118,1231,1396,1824,5894,17075,40904,66241,0,0,0,15,24,30,32,34,37,71,206,635,1195,4.823909984,5.937595393,3.655355018,4.630000866,6.706214667,8.229188972,6.136808995,6.980709564,6.364649025,6.700055129,25.26574857,14.56145466,Europe
106,Lebanon,0,0,37,150,712,1183,1761,4811,17565,41624,83034,127959,180877,0,4,470,725,1220,1778,4555,17308,39634,81228,127944,181503,301052,0,0,12,24,27,34,61,167,367,637,1018,1468,3082,7.98244396,8.622667099,8.985977537,8.618666224,8.285955256,6.917134933,6.650270383,6.519453817,5.069099532,6.27635721,7.943283106,6.612459651,Asia
107,Lesotho,0,0,0,0,1,4,144,528,873,975,1278,1480,2552,0,0,0,0,2,27,604,1085,1595,1953,2109,3094,8664,0,0,0,0,0,0,13,31,36,44,44,51,172,9.951518718,10.1356561,9.366457413,9.796706694,7.76619454,8.613055659,5.052895,5.735230127,3.714856176,3.210381471,6.228122856,3.586451184,Africa
108,Liberia,0,0,0,45,157,324,670,872,1221,1279,1343,1406,1760,0,0,3,141,288,780,1186,1304,1343,1426,1595,1779,1939,0,0,0,16,27,36,75,82,82,82,83,83,84,12.22811284,12.55165014,8.998932523,9.069910476,6.658258212,6.648056762,4.811424533,4.793326874,3.163877736,3.016868216,3.661993162,2.913245491,Africa
109,Libya,0,0,1,18,52,209,618,1459,19361,35030,53818,72107,98706,0,0,10,61,156,824,3621,13966,34525,61095,82809,100277,118631,0,0,0,3,5,24,74,237,551,857,1183,1478,1877,8.877130731,9.153049171,7.959976559,8.056958721,8.75572383,8.589737859,8.109372923,8.269865854,5.098165811,5.168848768,4.917083826,4.008684578,Africa
110,Liechtenstein,0,0,0,55,55,81,85,97,113,347,1088,1810,2352,0,0,68,82,82,82,88,107,118,533,1270,2136,2493,0,0,0,1,1,1,1,1,1,3,16,39,52,..,..,..,..,..,..,..,..,..,..,..,..,Europe
111,Lithuania,0,0,0,577,1279,1525,1655,1964,2845,5485,28028,96800,162392,0,1,468,1375,1667,1812,2069,2900,4688,14815,61311,141955,182543,0,0,4,32,54,61,63,69,77,152,620,1796,2808,4.002416472,4.855238285,4.877645882,6.005670294,5.932155393,7.407967398,5.836952872,6.590796387,6.964886991,7.27941044,24.81839377,14.73837758,Europe
112,Luxembourg,0,0,80,3213,3833,3998,5192,7140,7174,10081,26086,40978,47615,0,1,2178,3784,4018,4299,6695,6625,8509,17134,34678,46415,50388,0,0,23,90,110,110,114,124,124,152,321,495,577,5.083054297,5.148339815,6.319676975,6.619523641,7.837962051,7.711741828,7.234915633,7.634277265,7.364257107,8.043135868,15.76029151,12.81926007,Europe
113,Macau,0,8,0,0,0,0,0,0,0,0,0,0,0,7,10,0,0,0,0,0,0,0,0,0,0,0,0,0,0,0,0,0,0,0,0,0,0,0,0,,,,,,,,,,,,,
114,Macedonia,0,0,12,738,1552,2475,6554,11157,14959,20731,38946,61447,81681,0,1,329,1465,2226,6334,10754,14341,17977,31572,61878,83329,92693,0,0,9,77,133,302,486,603,739,994,1763,2503,2855,,,,,,,,,,,,,
115,Madagascar,0,0,0,92,168,994,7807,13832,15301,16409,16657,17228,18215,0,0,57,128,771,2214,10868,14863,16408,17111,17341,17714,19065,0,0,0,0,6,20,106,192,230,244,251,261,281,12.03912853,12.23224325,9.63430511,9.628713569,6.551659516,6.566242935,4.721494525,4.721098283,3.12971442,3.00287023,3.293204976,2.793755917,Africa
116,Malawi,0,0,0,7,42,260,1875,3160,4263,5323,5455,5705,8615,0,0,0,37,284,1224,4078,5566,5773,5930,6028,6583,23963,0,0,0,3,4,14,114,175,179,184,185,189,702,13.18773574,13.66084946,9.501760529,9.630791795,6.742944411,6.588749954,4.221308034,4.127343778,2.585871233,2.360178973,3.127525885,2.142885605,Africa
117,Malaysia,0,18,537,4171,6353,8354,8644,9054,9967,21248,54759,88941,166049,8,25,2766,6002,7819,8639,8976,9340,11224,31548,65697,113010,214959,0,0,43,102,115,121,125,127,136,249,360,471,760,7.729632164,7.745925207,8.991870416,9.00358177,9.03444889,9.185629517,6.167013115,6.481753455,5.242047129,5.041720341,7.304034199,6.558419559,Asia
118,Maldives,0,0,13,17,453,1944,2607,5155,9108,10814,11939,13141,14139,0,0,18,468,1773,2361,3793,7804,10291,11659,13011,13757,15841,0,0,0,1,5,9,16,28,34,38,46,48,52,7.928184025,4.80286845,8.112393336,11.78921058,11.35581132,16.09396852,6.471955543,6.739667331,4.682200455,3.254381528,4.718631823,3.002350701,Asia
119,Mali,0,0,0,135,716,1474,1937,2169,2453,2753,3206,4650,5945,0,0,28,490,1265,2181,2535,2776,3118,3554,4710,7090,8091,0,0,2,26,77,116,124,126,131,136,156,269,330,13.38694527,13.78271015,8.628748235,8.745723643,5.799040219,5.778788784,4.133740039,4.015160896,2.48765831,2.239973297,2.799117459,2.192078713,Africa
120,Malta,0,0,2,351,534,640,665,1400,2562,4155,7665,11121,14960,0,0,169,465,618,670,824,1883,3058,6042,9873,12774,17903,0,0,0,4,9,9,9,12,35,62,137,219,267,4.449119739,4.724548539,5.711904697,6.09014281,7.213311839,7.765996476,6.788436843,7.159971556,5.664999954,5.812947555,22.7283077,18.91721736,Europe
121,Marshall Islands,0,0,0,0,0,0,0,0,0,0,1,4,4,0,0,0,0,0,0,0,0,0,2,4,4,4,0,0,0,0,0,0,0,0,0,0,0,0,0,..,..,..,..,..,..,..,..,..,..,..,..,Australia
122,Martinique,0,0,0,0,0,0,0,0,0,0,0,0,0,0,0,0,0,0,0,0,0,0,0,0,0,0,0,0,0,0,0,0,0,0,0,0,0,0,0,,,,,,,,,,,,,
123,Mauritania,0,0,2,6,27,1622,4962,6464,7120,7433,7732,11380,15676,0,0,6,8,530,4363,6310,7048,7502,7703,8601,14364,16635,0,0,1,1,23,129,157,159,161,163,177,347,422,11.44443631,11.66761964,8.895292732,9.06743996,7.131159724,7.254286498,4.975652826,4.980977999,3.263608351,3.093303543,3.642381608,2.67412845,Africa
124,Mauritius,0,0,0,310,322,326,332,335,344,398,456,496,528,0,0,143,332,335,341,344,356,381,441,504,527,569,0,0,5,10,10,10,10,10,10,10,10,10,10,6.384637287,6.803823462,7.37514762,7.68791539,6.721653527,6.929985597,7.571351441,7.899248929,6.807696916,6.930464088,13.46213391,10.4987312,Africa
125,Mayotte,0,0,0,0,0,0,0,0,0,0,0,0,0,0,0,0,0,0,0,0,0,0,0,0,0,0,0,0,0,0,0,0,0,0,0,0,0,0,0,,,,,,,,,,,,,
126,Mexico,0,0,35,11423,63772,174538,327115,496222,628007,779371,823586,1074795,1412393,0,4,1094,19224,90664,226089,424637,599560,743216,924962,1113543,1426094,1864260,0,0,28,1859,9930,27769,46688,64414,77646,91753,105940,125807,158536,8.380112016,9.132319135,8.349611251,8.816522204,7.641613895,7.467819899,6.854622657,6.41263689,5.502791868,5.05832271,7.994649738,6.813059027,North America
127,Micronesia,0,0,0,0,0,0,0,0,0,0,0,0,1,0,0,0,0,0,0,0,0,0,0,0,0,1,0,0,0,0,0,0,0,0,0,0,0,0,0,,,,,,,,,,,,,
128,Moldova,0,0,18,1182,4581,9382,17269,25872,38997,55782,95354,130643,150090,0,0,353,3897,8251,16613,24733,36920,53042,76040,107364,144818,159804,0,0,4,116,295,545,778,995,1320,1785,2304,2985,3438,4.922936625,5.658235321,5.96373153,6.740363537,9.74437283,10.93222998,7.058055201,7.480050035,6.155903126,5.864082219,14.49541894,9.316055748,Europe
129,Monaco,0,0,2,64,90,95,105,116,181,273,556,708,1257,0,1,52,95,99,103,120,154,218,359,609,875,1489,0,0,1,4,4,4,4,4,2,2,3,3,13,..,..,..,..,..,..,..,..,..,..,..,..,Europe
130,Mongolia,0,0,2,10,44,176,230,295,307,313,358,837,1358,0,0,12,38,179,220,291,304,313,346,801,1220,1814,0,0,0,0,0,0,0,0,0,0,0,1,2,8.044169825,8.449480858,7.174263745,7.470948443,9.34239381,9.599655834,6.798782315,6.793435191,5.328289407,4.928323979,4.843037755,3.517068655,Asia
131,Montenegro,0,0,0,214,315,315,1005,4021,7192,14084,24131,38580,53527,0,0,109,322,324,548,3073,4835,10772,18341,35265,48247,61659,0,0,2,7,9,12,48,100,169,301,499,682,805,5.917815813,6.668792229,6.317523513,7.005661726,6.646991011,7.103244382,6.794400942,6.733203223,6.166333839,6.177980458,17.47091174,13.25964716,Europe
132,Morocco,0,0,24,984,5459,8920,17658,47595,102715,181275,305291,407504,449160,0,0,617,4423,7807,12533,24322,62590,123653,219084,356336,439193,471157,0,0,36,170,205,228,353,1141,2194,3695,5846,7388,8275,8.170783325,8.755123442,7.75833311,8.197224538,7.85291541,7.755038492,6.632345057,5.959040766,5.399026253,5.063189135,7.707997675,6.886484616,Africa
133,Mozambique,0,0,0,12,91,232,641,2170,5232,10437,13729,16663,23955,0,0,8,76,254,889,1864,3916,8728,12869,15701,18642,38654,0,0,0,0,2,6,11,23,61,92,131,166,367,12.68901176,13.40821225,9.080880696,9.387298163,6.228271714,6.295859086,4.240428031,3.900588715,2.801662105,2.164256237,3.488004501,2.232790769,Africa
134,Namibia,0,0,2,8,14,24,166,3327,9014,11036,13535,20076,32378,0,0,11,16,24,205,2129,7550,11265,12935,14380,23941,33944,0,0,0,0,0,0,10,75,121,133,151,205,352,10.65544443,11.28788894,9.629358261,9.971609663,7.624865633,7.735126094,5.10320753,5.089249228,3.410849819,2.99554457,4.414690642,2.749693513,Africa
135,Nepal,0,1,1,16,220,3194,14399,21410,56428,131222,214521,252359,266336,1,1,5,57,1572,13564,19771,39460,77817,170743,233452,260593,270959,0,0,0,0,8,29,56,228,498,937,1508,1856,2029,9.522944767,11.45237513,10.76965449,11.35365476,7.969174699,5.411654353,6.128316318,4.635373485,4.256690213,4.2695716,5.79246746,5.770856996,Asia
136,Netherlands,0,0,253,125,178,186,200,1010,4019,5882,6947,9585,12910,0,6,12667,39512,46645,50483,54590,73232,125988,357640,531930,808382,992075,0,0,1040,4811,5975,6132,6166,6252,6457,7459,9453,11525,14108,5.399247846,5.749330433,5.843127147,6.164041934,6.138456318,6.340933207,5.949310953,6.012142337,7.440451777,7.590881092,20.98174752,18.21809818,Europe
137,New Zealand,0,0,74,1252,1481,1484,1518,1598,1770,1857,1962,2082,2208,0,1,647,1479,1504,1528,1562,1752,1848,1959,2059,2162,2304,0,0,1,19,22,22,22,22,25,25,25,25,25,6.355401127,6.940397982,6.576832929,7.209286302,6.588881122,6.657984435,6.056293433,5.734185905,6.724536371,6.377357239,16.80393931,15.1562504,Australia
138,Nicaragua,0,0,0,7,370,1238,2492,2913,2913,4225,4225,4225,4225,0,0,5,14,759,2519,3672,4494,5170,5514,5784,6046,6253,0,0,1,3,35,83,116,137,151,156,160,165,169,9.242543875,10.12869252,8.617272563,9.367684403,8.26469136,8.391672122,6.477022725,5.932267488,4.380152667,3.726459896,6.171888156,4.723365026,North America
139,Niger,0,0,0,452,839,943,1028,1088,1114,1137,1210,1825,3755,0,0,27,719,958,1075,1134,1176,1197,1220,1548,3323,4517,0,0,3,32,64,67,69,69,69,69,72,104,159,13.30938825,13.61162071,8.424183042,8.669148329,5.341274746,5.01661152,3.6584819,3.317694258,2.466217982,2.240154285,2.680321531,2.5139697,Africa
140,Nigeria,0,0,8,319,3007,9746,19565,41638,50358,58675,63282,73713,104989,0,1,135,1932,10162,25694,43151,54008,58848,62853,67557,87607,131242,0,0,2,58,287,590,879,1013,1112,1144,1173,1289,1586,12.40742407,12.57466498,8.697806532,8.722537111,6.356727622,6.368567861,4.565508991,4.54750543,2.925442771,2.797421758,2.928978471,2.562118222,Africa
141,North Ireland,0,0,0,0,0,0,0,0,0,0,0,0,0,0,0,0,0,0,0,0,0,0,0,0,0,0,0,0,0,0,0,0,0,0,0,0,0,0,0,,,,,,,,,,,,,
142,Norway,0,0,13,32,7727,8138,8752,9348,11190,11863,17998,17998,17998,0,15,4641,7738,8440,8879,9240,10782,14027,20331,36150,49567,62966,0,0,39,210,236,250,255,264,274,282,332,436,564,5.867063955,6.043627605,6.420097016,6.724756811,6.835792155,6.993012398,6.337153326,6.66682126,6.762690516,7.051757722,18.72326071,15.85133605,Europe
143,Oman,0,1,34,495,2682,23425,61421,80810,88528,103060,115216,121890,126854,0,6,192,2348,11437,40070,79159,85722,98585,114434,123699,128867,134326,0,0,1,11,49,176,421,685,935,1208,1423,1499,1529,8.45177647,4.623212181,7.863504292,7.320529964,11.52084773,19.02237454,6.415035634,8.239588509,3.210800784,3.59643386,3.738796506,1.780299155,Asia
144,Pakistan,0,0,76,4315,25271,100802,247177,280682,297497,314555,343286,437229,501252,0,4,1938,16817,69496,213470,278305,295849,312806,333970,400482,482178,546428,0,0,26,385,1483,4395,5951,6294,6484,6823,8091,10176,11683,10.59502271,10.77084392,9.46422305,9.524677794,7.589984624,7.487634029,5.232828645,5.137126305,3.761855183,3.654804316,4.371079682,4.27650287,Asia
145,Palestine,0,0,0,0,0,0,0,0,0,0,0,0,0,0,0,0,0,0,0,0,0,0,0,0,0,0,0,0,0,0,0,0,0,0,0,0,0,0,0,,,,,,,,,,,,,
146,Panama,0,0,9,576,9514,15745,39166,66173,89061,110552,144462,195138,276417,0,0,1181,6532,13463,33550,65256,92982,112595,133598,165806,246790,320379,0,0,30,188,336,631,1421,2002,2372,2700,3079,4022,5270,8.455447768,8.787999063,8.037005556,8.202417757,7.345969776,7.408553475,6.699320662,6.693412539,5.424182762,5.327463726,8.916814386,7.712724684,North America
147,Papua New Guinea,0,0,0,0,8,8,11,232,516,575,597,661,812,0,0,1,8,8,11,72,459,534,589,656,780,851,0,0,0,0,0,0,2,5,7,7,7,9,9,11.07034553,11.32762844,9.235591843,9.361204693,7.129359876,7.153397614,5.668432916,5.650878982,3.914356902,3.77724519,3.820341574,3.211376043,Australia
148,Paraguay,0,0,1,113,477,1089,3548,9421,24449,42900,58453,81977,108426,0,0,65,266,986,2221,5338,17662,40758,63185,82424,107932,133227,0,0,3,10,11,17,49,326,857,1404,1756,2262,2718,9.523981372,9.624121168,9.572310481,9.681648798,8.272072675,8.344969181,5.477270162,5.576689358,4.116260089,4.066812478,7.020885739,6.233816863,South America
149,Peru,0,0,394,10405,67208,174535,283915,455457,676925,822316,893061,951318,1052050,0,0,1065,36976,164476,285213,407492,647166,811768,900180,962530,1015137,1138239,0,0,30,1051,4506,9677,19021,28788,32396,34411,35923,37680,41026,8.401720035,8.334790148,8.560995479,7.849306931,7.841753268,8.280028766,6.666026574,6.965997101,5.320109049,5.296199134,8.858015058,7.922986782,South America
150,Philippines,0,1,49,1043,3909,10233,65178,157562,253488,331046,398658,439796,487551,1,3,2084,8488,18086,37514,93354,220819,311694,380729,431630,474064,525618,0,1,88,568,957,1266,2023,3558,5504,7221,8392,9244,10749,9.80193511,10.1966394,9.100866069,9.481261826,7.40267711,7.478259842,5.932216306,5.960346323,4.686686289,4.57130442,6.203897544,4.434525383,Asia
151,Poland,0,0,7,3236,11271,21281,33987,46638,69695,140280,577514,1036138,1270467,0,0,2311,12877,23786,34393,45688,67372,91514,362731,990811,1294878,1513385,0,0,33,644,1064,1463,1716,2039,2513,5631,17150,28554,37180,4.849760581,5.412134143,5.196071824,5.701782502,7.15355356,8.251086746,7.315563209,7.981317978,5.762224774,6.016413788,21.25531156,14.77887441,Europe
152,Portugal,0,0,43,1519,19409,27505,36483,41961,48530,80280,212942,334276,526411,0,0,7443,25045,32500,42141,51072,58012,75542,141279,298061,413678,720516,0,0,160,989,1410,1576,1735,1822,1971,2507,4505,6906,12482,4.528134685,5.261446192,5.03153908,5.565022575,5.474845181,5.799625941,7.518428412,7.808961282,7.196858932,7.278762224,24.61428733,19.843595,Europe
153,Puerto Rico,0,0,0,0,0,0,0,0,0,0,0,0,0,0,0,0,0,0,0,0,0,0,0,0,0,0,0,0,0,0,0,0,0,0,0,0,0,0,0,6.648921332,7.850550947,4.736616069,6.136644142,5.555915969,6.103525517,6.848215757,6.93989652,7.505978184,6.912668844,21.97707595,17.17599424,North America
154,Qatar,0,0,62,1372,30290,81564,107377,115667,122699,129583,136090,141422,145806,0,1,781,13409,56910,96088,110695,118778,125760,132556,138833,143834,151335,0,0,2,10,38,113,174,197,214,232,237,245,248,8.199126763,2.767537793,6.965571541,9.583735056,13.27091833,17.89980038,7.991124472,9.425920814,4.227614344,5.531747754,1.807171999,1.429889839,Asia
155,Romania,0,0,220,4017,13256,19050,27007,37869,102476,172513,353188,560793,674594,0,3,2245,12240,19257,26970,50886,87540,127572,241339,475362,632263,728743,0,0,82,717,1266,1651,2343,3621,4825,6968,11331,15767,18335,5.264304582,5.872554107,4.970666896,5.644795067,6.707307694,7.720087528,7.703902297,8.392906268,7.353037133,7.719514175,21.92716245,15.47705013,Europe
156,Russia,0,2,121,11619,171883,411973,637217,807339,954788,1208440,1763493,2527722,3264611,2,2,2337,106498,405843,646929,838461,992402,1170799,1606267,2275936,3127347,3808348,0,0,17,1073,4693,9306,13939,17128,20630,27787,39491,56271,72029,,,,,,,,,,,,,
157,Rwanda,0,0,0,104,256,447,1106,2013,3154,4879,5516,6542,10087,0,0,75,243,370,1025,2022,4063,4840,5137,5934,8383,15304,0,0,0,0,1,2,5,16,29,35,49,92,196,11.8529597,12.20298913,9.068407121,9.19018847,7.613070664,7.645720668,4.646797652,4.458156075,2.768402075,2.868635723,3.494053437,2.546242511,Africa
158,Saint Barthelemy,0,0,0,0,0,0,0,0,0,0,0,0,0,0,0,0,0,0,0,0,0,0,0,0,0,0,0,0,0,0,0,0,0,0,0,0,0,0,0,,,,,,,,,,,,,
159,Saint Kitts and Nevis,0,0,0,6,15,15,16,17,17,19,19,29,35,0,0,8,15,15,15,17,17,19,19,22,32,37,0,0,0,0,0,0,0,0,0,0,0,0,0,,,,,,,,,,,,,
160,Saint Lucia,0,0,1,15,18,19,22,25,27,28,131,289,618,0,0,13,17,18,19,25,26,27,78,259,353,1195,0,0,0,0,0,0,0,0,0,0,2,5,13,,,,,,,,,,,,,
161,Saint Vincent and the Grenadines,0,0,1,8,15,29,44,57,64,70,79,98,251,0,0,1,16,26,29,54,60,64,74,85,121,901,0,0,0,0,0,0,0,0,0,0,0,0,2,,,,,,,,,,,,,
162,Samoa,0,0,0,0,0,0,0,0,0,0,0,2,2,0,0,0,0,0,0,0,0,0,0,2,2,2,0,0,0,0,0,0,0,0,0,0,0,0,0,11.3872267,11.43288498,8.131329596,8.56829144,5.618946461,5.883102623,5.083658467,5.057644798,4.406398216,4.550801929,5.703078169,4.214540606,Australia
163,San Marino,0,0,13,78,357,656,657,660,680,721,1299,2042,2723,0,1,236,569,671,698,699,715,732,928,1612,2428,3025,0,0,26,41,42,42,42,42,42,42,46,59,67,..,..,..,..,..,..,..,..,..,..,..,..,Europe
164,Sao Tome and Principe,0,0,0,4,68,236,778,851,886,904,933,971,1023,0,0,0,14,483,714,871,896,911,945,991,1014,1257,0,0,0,0,12,13,15,15,15,16,17,17,17,13.16399378,13.406622,8.277409086,8.461960209,6.494038367,6.604343422,4.930331264,4.884259044,3.414093841,3.282192341,3.369416495,2.549925194,Africa
165,Saudi Arabia,0,0,165,3163,62442,130766,235658,290796,319154,333842,346802,353853,359573,0,0,1563,22753,85261,190823,275905,315772,334605,347282,357360,362741,368074,0,0,10,162,503,1649,2866,3897,4768,5402,5896,6223,6375,8.76425449,6.634209705,7.90281144,6.46268826,9.564144197,10.0446068,8.656929649,11.28971814,4.003501002,6.143806879,3.777253112,3.145221996,Asia
166,Senegal,0,0,40,334,1801,4431,6776,9439,12437,14853,15607,17254,21970,0,0,175,933,3645,6793,10232,13611,14982,15616,16089,19140,26523,0,0,0,9,42,112,205,284,311,324,333,410,628,12.02821006,12.93341302,8.883285115,9.296951223,6.78338702,6.483235937,4.692423133,4.020017535,3.016013669,2.486839064,3.511802316,2.664289751,Africa
167,Serbia,0,0,0,1343,6698,12662,0,0,0,0,0,0,0,0,0,900,9009,11412,14564,25552,31406,33551,46954,175438,337923,395263,0,0,16,179,243,277,573,713,749,820,1604,3211,4020,5.338559358,5.947512056,5.791385685,6.431846465,6.715966625,7.375826189,6.97848209,7.248867001,6.460915208,6.483249113,20.93707763,16.45336158,Europe
168,Seychelles,0,0,0,6,11,11,39,127,140,149,162,214,1015,0,0,10,11,11,81,114,136,144,153,183,256,1205,0,0,0,0,0,0,0,0,0,0,0,0,4,7.4452432,7.397293041,6.640181612,6.705603285,6.818850633,7.843801702,7.323327868,7.97536229,7.003825619,6.811250424,9.135241939,6.546135906,Africa
169,Sierra Leone,0,0,0,21,454,974,1362,1594,1687,1800,1836,1892,2282,0,0,1,124,861,1462,1823,2022,2231,2366,2412,2611,3593,0,0,0,7,46,60,67,70,72,74,74,76,79,12.43652067,12.52286224,9.373215931,9.474598227,6.77071985,7.035643285,4.531557602,4.700809317,2.975945226,2.874934267,3.369854889,2.523811356,Africa
170,Singapore,0,72,240,1244,21699,38500,46491,55658,57488,57913,58134,58449,59228,13,102,926,16169,34884,43907,52205,56812,57765,58015,58218,58599,59536,0,0,3,15,23,26,27,27,27,28,29,29,29,4.292081644,4.068229289,6.615157638,7.454712059,7.454782281,7.533310557,8.260532725,8.162526422,7.858561297,8.233258487,13.61963359,11.27618551,Asia
171,Slovakia,0,0,3,524,1366,1464,1695,2377,4395,12617,66041,125971,216052,0,0,363,1396,1521,1667,2292,3917,10141,57664,105929,179543,249913,0,0,0,23,28,28,29,33,48,219,839,2138,4642,,,,,,,,,,,,,
172,Slovenia,0,0,10,233,1358,1384,1797,2296,3804,12091,54138,99382,145722,0,0,802,1429,1473,1600,2156,2883,5690,34307,75814,122152,166473,0,0,15,91,108,111,119,133,150,338,1435,2697,3503,4.734523023,5.079328568,4.530111019,4.891445118,6.331407991,6.933904458,7.110453366,8.015684016,7.188616531,7.453290087,22.94443327,17.40318783,Europe
173,Solomon Islands,0,0,0,0,0,0,0,0,0,4,5,5,10,0,0,0,0,0,0,0,0,0,8,17,17,17,0,0,0,0,0,0,0,0,0,0,0,0,0,11.2775218,11.6297984,8.639316727,9.089734631,6.463086086,6.048763587,5.673082472,5.231926526,3.268750057,3.202165705,3.803619863,3.464070327,Australia
174,Somalia,0,0,1,31,348,910,1562,2481,2946,3185,3417,3612,3666,0,0,5,601,1976,2924,3212,3310,3588,3941,4451,4714,4784,0,0,0,28,78,90,93,98,99,104,113,130,130,13.2834886,13.50261734,9.519405996,9.592392194,5.417134311,5.345162643,3.672409273,3.494443518,2.65363161,2.469833235,2.991239501,2.78661738,Africa
175,South Africa,0,0,31,2073,16809,73543,326171,540923,608112,654182,731242,879671,1299620,0,0,1353,5647,32683,151209,493183,627041,674339,725452,790004,1057161,1453761,0,0,5,103,683,2657,8005,14149,16734,19276,21535,28469,44164,8.97507371,9.412074485,8.295080317,8.651245273,8.885949393,9.307522406,6.258012695,6.339938506,4.604406248,4.36159544,6.456982592,4.343074548,Africa
176,South Korea,0,27,5408,9072,10422,11613,13233,15198,21666,24357,27885,42953,68309,11,3150,9786,10774,11503,12850,14336,20182,23889,26635,34652,61769,78508,0,16,162,248,271,282,301,324,415,466,526,917,1425,,,,,,,,,,,,,
177,South Sudan,0,0,0,0,6,279,1175,1290,1290,1290,2954,3131,3613,0,0,0,35,994,2007,2322,2527,2704,2905,3109,3558,3929,0,0,0,0,10,38,46,47,49,58,61,63,64,12.21393069,12.47395029,9.436812471,9.521270543,6.575884106,6.548090591,4.407190263,4.362895171,3.016748999,2.886067627,3.648302152,3.105808151,Africa
178,Spain,0,2,19259,112050,150376,150376,150376,150376,150376,150376,150376,150376,150376,0,45,95923,213435,239479,249271,288522,462858,769188,1185678,1648187,1928265,2743119,0,0,8464,24543,27127,28355,28445,29094,31791,35878,45069,50837,58319,5.029026165,5.559686295,4.652055713,5.047679839,5.70202456,5.926056617,8.383351978,8.960204433,7.529520989,7.848018924,21.84754258,17.37132593,Europe
179,Sri Lanka,0,1,17,154,801,1711,2391,2868,3230,4399,17560,35329,57159,1,1,143,663,1633,2047,2815,3049,3380,10663,23987,43299,64157,0,0,2,7,10,11,11,12,13,20,118,204,316,7.751535371,8.44981856,6.777388459,7.220277884,6.716443413,6.237868786,7.047182322,7.107822755,6.079680846,6.210360862,12.00716589,9.573050639,Asia
180,St. Martin,0,0,0,0,0,0,0,0,0,0,0,0,0,0,0,0,0,0,0,0,0,0,0,0,0,0,0,0,0,0,0,0,0,0,0,0,0,0,0,,,,,,,,,,,,,
181,Sudan,0,0,1,39,1423,4014,6119,6612,6764,6764,10302,13524,21410,0,0,7,375,4800,9372,11579,13189,13646,13804,18045,25500,29380,0,0,2,31,286,572,746,823,836,837,1249,1468,1807,12.05545449,12.39550895,9.328176373,9.540065446,6.385064448,6.303351288,4.754187355,4.447905167,3.285277799,3.155991157,3.879538383,3.374628225,Africa
182,Suriname,0,0,0,8,9,227,1080,3140,4695,5060,5194,5731,7671,0,0,9,10,23,515,1650,4034,4877,5203,5312,6210,8438,0,0,0,1,1,13,26,71,104,111,117,122,154,8.579492785,9.125592377,8.147128409,8.599339618,7.177594532,7.451369523,6.146491968,6.070725907,5.636647896,5.646781064,8.179988101,5.861661905,South America
183,Sweden,0,0,16,1005,4971,0,0,0,0,0,0,0,0,1,12,4435,21092,37542,68451,80422,84379,92863,124355,243129,437379,566957,0,0,180,2586,4395,5333,5743,5808,5893,5938,6681,8727,11591,5.606776092,5.905188976,5.483362517,5.804743198,6.588836021,6.831248108,6.012779611,6.208555919,6.614879797,6.807489737,21.65964117,18.74195245,Europe
184,Switzerland,0,0,1823,23400,28500,29200,31100,36100,42700,65200,250200,317600,317600,0,18,16605,29586,30862,31714,35232,42177,53282,154251,327072,452296,521320,0,0,433,1737,1920,1963,1981,2006,2074,2297,4815,7645,9381,4.592537003,4.90348798,5.545454545,5.842285974,6.862885908,7.094509514,6.494585171,6.687413056,7.788556123,8.085083512,20.51804558,17.13025279,Europe
185,Syria,0,0,0,21,46,105,237,629,1103,1976,3560,5350,7562,0,0,10,43,122,279,757,2765,4200,5728,7887,11434,14048,0,0,2,3,5,9,43,112,200,288,417,711,921,,,,,,,,,,,,,
186,Taiwan,0,9,39,322,423,437,440,462,483,515,565,671,830,10,39,322,429,442,447,467,488,514,555,675,799,911,0,1,5,6,7,7,7,7,7,7,7,7,8,,,,,,,,,,,,,
187,Tajikistan,0,0,0,0,2004,4506,6193,7376,8572,10233,11599,12851,13218,0,0,0,15,3930,5900,7409,8583,9769,11017,12194,13296,13308,0,0,0,0,47,52,60,68,76,82,86,90,90,9.81341403,10.21889746,8.900059917,9.119823038,8.282461654,8.096100578,4.988460049,4.829614089,4.095763205,3.795184839,3.33254742,2.843366036,Asia
188,Tanzania,0,0,1,167,183,183,183,183,183,183,183,183,183,0,0,19,480,509,509,509,509,509,509,509,509,509,0,0,1,16,21,21,21,21,21,21,21,21,21,12.68293296,12.97493246,8.767834724,8.839586288,6.536118718,6.512676178,4.464727454,4.455304805,2.782313356,2.700956615,3.0241786,2.216294813,Africa
189,Thailand,8,28,342,2687,2963,3056,3125,3252,3379,3592,3811,4273,12514,19,42,1651,2954,3081,3171,3310,3412,3569,3784,4008,7163,19618,0,0,10,54,57,58,58,58,59,59,60,63,77,5.660938948,6.320120139,6.677746133,7.286515916,6.268952753,6.58882509,7.804223513,7.741235574,8.166200947,7.805662943,13.62866414,11.11849026,Asia
190,The Gambia,0,0,0,8,20,27,68,1032,2161,3196,3601,3664,3792,0,0,4,11,25,49,498,2963,3579,3672,3742,3797,4090,0,0,1,1,1,2,9,96,112,119,123,124,128,,,,,,,,,,,,,
191,Togo,0,0,10,65,211,402,641,1005,1348,1660,2478,3393,4268,0,0,34,116,442,650,941,1400,1784,2331,2974,3633,5074,0,0,1,9,13,14,19,28,48,57,64,68,77,12.2977916,12.51092486,8.840014053,8.985396874,6.865182252,6.924782734,4.97964775,4.915652858,3.097412348,2.945571433,3.116369867,2.655916487,Africa
192,Trinidad and Tobago,0,0,1,72,108,113,132,676,2560,4610,5771,6650,7168,0,0,87,116,117,130,169,1759,4531,5692,6669,7150,7564,0,0,3,8,8,8,8,22,76,108,120,127,134,6.663862082,7.019631863,6.104928278,6.378395952,8.500156518,8.797327071,6.952535953,7.085671324,6.132265892,6.001172745,12.11523725,10.09649018,North America
193,Tunisia,0,0,3,305,960,1031,1195,1573,5032,5032,70851,105364,157446,0,0,394,994,1077,1174,1535,3803,18413,59813,96769,139140,208885,0,0,10,41,48,50,50,77,265,1317,3260,4676,6754,6.776031031,7.419290856,6.865266763,7.476120994,8.243316096,7.866877775,7.19541523,6.785552899,6.247077835,5.853072967,9.383691771,7.790075164,Africa
194,Turkey,0,0,243,48886,127973,173111,214535,244926,279749,323971,404727,2100650,2362415,0,0,13531,120204,163942,199906,230873,270133,318663,375367,638847,2208652,2477463,0,0,214,3174,4540,5131,5691,6370,8195,10252,13746,20881,25993,7.825780912,8.397443621,7.801187896,8.298217681,7.543313835,7.822649643,7.072863533,7.098639085,5.635419226,5.472756899,9.926592969,7.493903452,Asia
195,Uganda,0,0,0,52,72,819,1028,1288,4260,7503,8989,11733,14179,0,0,44,83,417,889,1154,2972,8129,12495,20459,35216,39579,0,0,0,0,0,0,3,32,75,111,205,251,324,13.2626176,13.86790929,9.468792344,9.328837135,6.325702826,5.990223581,3.903572994,3.714714695,2.342686035,2.254346117,2.328827333,1.585286231,Africa
196,Ukraine,0,0,10,1238,9538,19792,39945,59162,95829,165902,360360,736611,1054177,0,0,645,10406,23672,45254,71404,124132,214446,399330,752343,1086997,1261546,0,0,17,261,708,1173,1717,2605,4221,7399,12731,19281,23860,4.774224612,5.873902787,4.616792479,5.626751587,7.624882382,9.162519715,7.16411274,7.857800641,6.511038501,6.470825417,20.71235531,12.06126025,Europe
197,United Arab Emirates,0,5,61,2429,17932,37566,53909,60931,83724,128902,154899,184442,276958,4,21,664,12481,34557,48667,60506,70231,94190,132629,168860,207822,303609,0,0,6,105,264,315,351,384,419,495,572,669,850,7.139347209,3.221904101,7.75205412,7.600350889,15.36218422,18.64687712,7.833353309,10.54055636,3.994912975,4.914223934,1.282809316,1.100799993,Asia
198,United Kingdom,0,8,179,859,1190,1370,1439,1682,2373,2839,3570,5479,9652,2,23,25481,172481,276156,314160,304793,338083,455846,1014793,1633733,2496231,3828183,0,0,1793,26842,38571,43815,46204,41589,42233,46645,58545,73622,106367,5.55694791,5.952763352,5.920899451,6.286329209,6.845339993,7.028141368,6.266134671,6.383833259,6.945978618,6.898866571,19.78480122,17.20109794,Europe
199,United States,0,7,7024,153947,444758,720631,1438160,2184825,2840688,3612478,5146319,0,0,6,70,188417,1070402,1791791,2646739,4576186,6043650,7253954,9186169,13655181,20061049,26186781,0,1,3868,63391,104816,127613,153863,184207,207666,232027,271710,352752,447772,6.220968464,6.636407673,6.624465562,7.015787419,6.732101803,7.070152715,6.082829683,6.165810475,6.253227514,6.43089296,17.72616577,14.66124093,North America
200,Uruguay,0,0,41,417,685,824,994,1409,1791,2560,4357,13468,34683,0,0,338,643,823,936,1264,1595,2046,3124,5857,19119,41738,0,0,1,17,22,27,35,44,48,58,77,181,436,6.416320547,7.191087447,7.036989857,7.790888031,6.539459908,7.095865814,6.618796519,6.959014624,5.662622734,5.63243134,17.61976755,12.07454562,South America
201,Uzbekistan,0,0,7,1133,2837,5682,14464,39275,53366,64235,70337,74943,77191,0,0,172,2039,3623,8503,24009,41893,56717,66932,73094,77060,78711,0,0,2,9,15,26,141,320,470,566,610,614,621,8.350656219,8.832965068,8.503121809,8.915809469,8.916161105,9.014076253,6.269284659,6.12423037,4.930684564,4.510053303,5.175760675,4.011740707,Asia
202,Vanuatu,0,0,0,0,0,0,0,0,0,0,0,1,1,0,0,0,0,0,0,0,0,0,0,1,1,1,0,0,0,0,0,0,0,0,0,0,0,0,0,11.69273018,12.28179797,8.599604989,8.441310725,7.798084467,6.985095831,5.257568789,5.162525158,3.668055518,3.794446125,3.527366684,3.703679343,Australia
203,Vatican City,0,0,0,2,2,12,12,12,12,15,15,15,15,0,0,6,11,12,12,12,12,12,27,27,27,27,0,0,0,0,0,0,0,0,0,0,0,0,0,,,,,,,,,,,,,
204,Venezuela,0,0,39,142,302,1649,10421,38112,65225,86773,97326,107583,118887,0,0,135,333,1510,5832,18574,46728,75122,92013,102394,113558,126927,0,0,3,16,14,51,164,386,628,798,897,1028,1189,,,,,,,,,,,,,
205,Vietnam,0,16,58,219,279,335,373,707,1010,1062,1179,1325,1457,2,16,212,270,328,355,558,1044,1094,1180,1347,1465,1817,0,0,0,0,0,0,3,34,35,35,35,35,35,6.863436374,7.601626638,7.207407394,7.607674235,8.516370557,8.787290126,7.168194594,7.223801317,6.036047128,5.937062785,9.156091451,5.945905735,Asia
206,West Bank and Gaza,0,0,18,76,372,451,5077,15056,31743,46309,64987,117183,148993,0,0,119,344,448,2428,11837,22729,39899,53520,85647,138004,158962,0,0,1,2,3,8,82,152,311,483,732,1400,1833,,,,,,,,,,,,,
207,Yemen,0,0,0,1,14,488,862,1131,1286,1366,1382,1394,1426,0,0,0,6,323,1158,1728,1958,2034,2063,2077,2099,2121,0,0,0,2,80,312,493,566,587,599,605,610,615,,,,,,,,,,,,,
208,Zambia,0,0,0,55,779,1329,3803,11469,13959,15680,16998,18660,48000,0,0,35,106,1057,1594,5963,12097,14759,16432,17647,20725,54217,0,0,0,3,7,24,151,288,332,349,357,388,763,13.06806967,13.50012563,9.415501751,9.43025918,6.572686082,6.378099637,4.358392605,4.31836208,2.359029122,2.262593668,2.549729314,1.67226531,Africa
209,Zimbabwe,0,0,0,5,29,162,1004,5221,6303,7894,8482,11250,26044,0,0,8,40,178,591,3169,6497,7838,8367,9950,13867,33388,0,0,1,4,4,7,67,202,228,243,276,363,1217,12.1292671,13.35634902,9.081089829,9.374293409,7.377945007,6.218030221,4.984312436,4.711676468,2.65919876,2.468728131,3.663020156,2.231993714,Africa
