Time,Time Code,Country Name,Country Code,"Population ages 10-14, female ","Population ages 10-14, male ","Population ages 20-24, female ","Population ages 20-24, male","Population ages 30-34, female ","Population ages 30-34, male ","Population ages 40-44, female ","Population ages 40-44, male ","Population ages 50-54, female ","Population ages 50-54, male ","Population ages 65 and above, female ","Population ages 65 and above, male"
2019,YR2019,Afghanistan,AFG,13.51315874,13.38952152,9.961009138,9.988106849,6.14755378,6.430479033,4.097513887,4.272471397,2.620193463,2.612504517,2.882233877,2.363156433
2019,YR2019,Albania,ALB,5.478358395,6.127823778,8.085760271,8.261469813,6.886434608,8.088029261,5.617101139,5.194012756,6.903901203,6.233360717,15.04269769,13.39221495
2019,YR2019,Algeria,DZA,8.324689951,8.489353354,7.144027983,7.28309575,8.681971149,8.619346155,6.789647731,6.677523232,4.723239327,4.592930301,6.750311265,6.359306851
2019,YR2019,American Samoa,ASM,..,..,..,..,..,..,..,..,..,..,..,..
2019,YR2019,Andorra,AND,..,..,..,..,..,..,..,..,..,..,..,..
2019,YR2019,Angola,AGO,13.09818339,13.24566067,8.76425638,8.740961051,6.258883419,6.132921904,4.114095813,3.961275036,2.458228963,2.330429662,2.41000291,1.984219658
2019,YR2019,Antigua and Barbuda,ATG,6.704599714,7.350963693,7.490450422,8.179121043,7.369091198,7.156730913,7.408881108,6.838701415,7.16218367,6.689291584,9.422250517,8.657232503
2019,YR2019,Argentina,ARG,7.669148874,8.349701702,7.498040477,8.090249647,7.150474776,7.487550601,6.744031848,6.814146428,5.154307506,4.97166049,12.97891475,9.420209268
2019,YR2019,Armenia,ARM,5.737462647,7.4076257,5.724056614,6.93115422,9.010513521,9.033048246,6.376738874,6.023062398,6.183819685,5.267636956,13.17889584,9.574783884
2019,YR2019,Aruba,ABW,6.118101921,6.972226077,6.746379795,7.616517654,4.727298763,5.20984081,6.785759035,6.179251829,8.108543505,7.634359574,15.42950221,12.54088773
2019,YR2019,Australia,AUS,6.075179762,6.446681147,6.232057521,6.533811488,7.372393166,7.444154639,6.423372826,6.401920883,6.212487321,6.110381617,16.81245386,15.02307608
2019,YR2019,Austria,AUT,4.508584764,4.947634361,5.507258683,6.066589861,6.663817105,7.081653203,6.171772706,6.409653965,7.922911358,8.217640575,21.26933244,16.81338419
2019,YR2019,Azerbaijan,AZE,6.214927408,7.210665265,7.14135955,7.827232719,9.348941798,9.184075869,6.535204998,6.326545097,6.710089758,6.042783713,7.493533735,5.395872351
2019,YR2019,"Bahamas, The",BHS,7.953319751,8.388733288,8.358301374,8.840564393,6.971576382,7.113565502,7.242729306,7.081329599,6.616530841,6.345188395,8.202500799,6.722507002
2019,YR2019,Bahrain,BHR,7.78437395,4.37705075,7.129664528,5.762435805,11.59512728,19.00896571,7.727583578,8.898205057,4.97214202,4.711712301,3.221872991,2.125811886
2019,YR2019,Bangladesh,BGD,9.246109914,9.435089506,9.280343729,9.343033595,8.591837337,8.141060231,6.836029745,6.557783915,4.880384447,5.070051891,5.191952746,5.169026364
2019,YR2019,Barbados,BRB,5.936251754,6.587279289,6.257422002,6.856706504,6.191298715,6.51379914,6.565097701,6.715509354,6.988151787,6.801956589,17.54898521,14.82209879
2019,YR2019,Belarus,BLR,4.589216894,5.551723409,4.42725734,5.364992444,7.79905615,9.363616962,6.581103676,7.252461583,6.585200661,6.574107261,19.14580437,10.67041553
2019,YR2019,Belgium,BEL,5.532540576,5.966423058,5.556683283,5.96889177,6.373949076,6.52183086,6.334895202,6.694045448,6.759923519,7.149076448,21.1183993,16.85074917
2019,YR2019,Belize,BLZ,9.584842148,10.01436064,9.922986688,9.947447254,8.161370939,7.791291995,5.948385781,5.574914685,4.366807773,4.299957278,4.749324221,4.986076868
2019,YR2019,Benin,BEN,12.10705097,12.48434969,9.093681021,9.293756713,6.442534089,6.42645643,4.483565275,4.348580337,3.062592483,2.884291567,3.736259274,2.791985274
2019,YR2019,Bermuda,BMU,..,..,..,..,..,..,..,..,..,..,..,..
2019,YR2019,Bhutan,BTN,9.23220001,8.407236959,9.856672867,9.934523692,9.430489692,9.869343657,5.970474387,6.591577949,4.186984377,4.253491082,5.855131234,6.304440143
2019,YR2019,Bolivia,BOL,9.903529979,10.24653735,9.03667591,9.255155754,7.39893025,7.441175539,5.692552757,5.628233457,4.123369165,3.998383282,7.919904296,6.762029486
2019,YR2019,Bosnia and Herzegovina,BIH,5.171657269,5.650176676,6.278771095,6.969821233,6.562585538,7.155249354,6.463844237,6.914217537,7.220049412,7.243819423,19.35442308,14.95850752
2019,YR2019,Botswana,BWA,10.06382888,10.98072373,8.40695132,9.086486506,8.175022087,7.921437265,6.419454819,5.920029871,3.461285303,3.18692129,5.045112295,3.641541814
2019,YR2019,Brazil,BRA,6.918291926,7.449045223,7.915661768,8.398456193,8.050585279,8.312886641,7.250413704,7.252729985,6.143926296,5.888108489,10.35864346,8.106377941
2019,YR2019,British Virgin Islands,VGB,..,..,..,..,..,..,..,..,..,..,..,..
2019,YR2019,Brunei Darussalam,BRN,7.310118379,7.184574766,7.99418186,8.220213173,8.634081243,9.175845179,8.037385869,8.157541492,6.376911777,6.124934439,5.5560356,4.888391071
2019,YR2019,Bulgaria,BGR,4.928080425,5.517471193,4.17942686,4.734336572,6.533107893,7.385059178,7.296233427,8.18860524,6.540802203,7.020182621,24.70556765,17.59801462
2019,YR2019,Burkina Faso,BFA,12.77593821,13.28713075,8.99464487,9.293870754,6.291032022,6.3400801,4.296764305,4.13860222,2.790062012,2.453089712,2.917361971,1.895923185
2019,YR2019,Burundi,BDI,12.43262385,12.71231903,8.895329659,8.951199058,7.334586117,7.302026163,3.631881057,3.531533901,2.383461735,2.075804321,2.563705038,2.056360321
2019,YR2019,Cabo Verde,CPV,9.199342826,9.268356301,8.514421322,8.773855584,8.862358525,9.871176223,5.837531946,6.55747801,4.673603505,4.379138953,6.066812705,3.341593126
2019,YR2019,Cambodia,KHM,9.308513222,10.18299905,9.104583408,9.876190514,7.986405785,7.832055316,3.58744655,3.286442616,4.580493503,4.182885228,5.568694013,3.825401709
2019,YR2019,Cameroon,CMR,12.41767164,12.59705618,9.094057346,9.148698509,6.995469162,6.998609266,4.449764808,4.460442129,2.740494907,2.6781911,3.01979081,2.427625563
2019,YR2019,Canada,CAN,5.099811646,5.423626682,6.240302427,6.632415653,6.878562144,6.984336714,6.470290489,6.492366918,6.566366892,6.717275554,18.93577398,16.340662
2019,YR2019,Cayman Islands,CYM,..,..,..,..,..,..,..,..,..,..,..,..
2019,YR2019,Central African Republic,CAF,13.69280371,14.02971038,9.681072168,9.880343014,5.683255014,5.797643085,3.841081796,3.803870197,2.75517444,2.589102851,3.368117914,2.251769047
2019,YR2019,Chad,TCD,13.28083132,13.37663535,9.247141376,9.330895637,5.947778462,5.98774804,3.66302045,3.695649607,2.237452356,2.150901662,2.71089708,2.271697761
2019,YR2019,Channel Islands,CHI,4.714400644,5.168085955,5.786691185,6.29061393,6.669348351,6.928707157,6.781979083,6.867712952,7.922077922,7.848312103,18.96333755,16.21507495
2019,YR2019,Chile,CHL,6.358276846,6.771679555,7.349904441,7.798293986,7.723224166,8.180534018,6.813061581,7.005478831,6.420200242,6.336205522,13.34145868,10.37972017
2019,YR2019,China,CHN,5.535714505,6.123239065,5.96139077,6.38320575,8.833293813,8.910085033,6.984963849,6.954024745,8.552534303,8.284975686,12.49820598,10.49846481
2019,YR2019,Colombia,COL,7.51666748,8.142258267,8.486649432,9.085527718,7.760452661,8.046871968,6.795301693,6.483524812,5.947206478,5.517441635,9.576758207,7.92467408
2019,YR2019,Comoros,COM,11.59573232,11.78910091,9.125855801,9.244891778,7.29105651,7.331376249,4.842048847,4.802777195,3.259335849,3.165117309,3.355854307,2.759954335
2019,YR2019,"Congo, Dem. Rep.",COD,12.70386218,12.93016155,8.572375005,8.620009976,5.963488923,5.935522257,4.074426753,4.006241773,2.746406177,2.643972106,3.298970946,2.733916259
2019,YR2019,"Congo, Rep.",COG,12.24846332,12.44806237,8.521186746,8.59152372,6.483421248,6.512827841,5.327078443,5.332188715,3.379282074,3.33342264,3.10803796,2.333779124
2019,YR2019,Costa Rica,CRI,6.875108415,7.205081864,7.892485689,8.214620269,8.346382725,8.554793405,6.700456471,6.693256279,6.183550084,5.970492428,10.58477906,9.175517207
2019,YR2019,Cote d'Ivoire,CIV,12.28363093,12.13965618,9.722203475,9.46734621,6.630528377,6.466222288,4.418008361,4.492359687,2.661197136,2.918321167,2.740970502,3.002942916
2019,YR2019,Croatia,HRV,4.748295086,5.376793642,5.478805616,6.191762374,6.073399605,6.737034645,6.587116476,7.287884765,6.797555838,7.093564621,24.10184817,17.37469316
2019,YR2019,Cuba,CUB,5.168611087,5.545984241,6.037465937,6.481586118,7.098659622,7.453613479,5.744646096,5.958107495,9.027148274,8.759653642,16.80717883,14.30578003
2019,YR2019,Curacao,CUW,5.894338854,7.201267913,5.356637499,6.53667892,5.697370357,5.517820042,6.085647336,5.427254808,7.541403004,6.981514038,18.56711079,15.52261467
2019,YR2019,Cyprus,CYP,5.456908909,5.814312436,7.340511984,8.244993718,7.870150198,8.346112195,7.333503538,6.936126829,6.374180888,6.119837076,15.28625327,12.81017592
2019,YR2019,Czech Republic,CZE,5.038034773,5.477577962,4.410670552,4.766712263,6.459675956,7.048188923,8.419634214,9.150219327,6.12813468,6.536234837,22.52439632,16.99040495
2019,YR2019,Denmark,DNK,5.677545177,6.063584967,6.364712348,6.78840648,5.796351395,6.07111196,6.30920283,6.378464159,7.175337373,7.469215994,21.38911621,18.52532275
2019,YR2019,Djibouti,DJI,8.553107602,9.535948057,8.90578627,9.488482206,8.841012976,8.651286168,6.554883993,6.746401483,4.3361279,4.116051076,5.0445181,4.217038092
2019,YR2019,Dominica,DMA,..,..,..,..,..,..,..,..,..,..,..,..
2019,YR2019,Dominican Republic,DOM,8.893791812,9.262666044,8.660857485,8.920207566,7.601048177,7.536471819,6.191102188,6.091724532,5.073073257,4.839795326,7.767387296,6.828764052
2019,YR2019,Ecuador,ECU,8.75322031,9.1251618,8.79067207,9.066960229,7.673752788,7.725689021,6.261826038,6.144523316,4.931943058,4.750619844,7.924410094,6.820388777
2019,YR2019,"Egypt, Arab Rep.",EGY,9.128284422,9.483605128,8.23103944,8.435263737,7.955348944,7.947459475,5.797413362,5.797252227,4.213749925,4.012424521,5.883207364,4.682100379
2019,YR2019,El Salvador,SLV,8.320017772,9.81390529,9.51088232,10.38019709,7.405143203,6.874751311,6.268969392,5.428079354,4.988255777,4.217535961,9.281449433,7.548837334
2019,YR2019,Equatorial Guinea,GNQ,11.36909022,9.327388525,9.213181236,10.30029596,8.290667415,11.30517376,4.27229353,5.291427829,2.703937,2.627805201,2.825997785,2.103544201
2019,YR2019,Eritrea,ERI,..,..,..,..,..,..,..,..,..,..,..,..
2019,YR2019,Estonia,EST,5.118286523,6.073479236,4.287841745,5.050061759,6.862149028,8.45639983,6.261882656,7.404257085,5.739868359,6.080181799,24.8253634,14.59802179
2019,YR2019,Eswatini,SWZ,12.40776775,13.01320208,9.307534215,10.44012864,7.699417265,6.563549459,5.478838903,4.501323762,2.14694632,2.8253878,5.026283734,2.960784662
2019,YR2019,Ethiopia,ETH,12.08345823,12.31971859,10.08487116,10.28499024,6.46404957,6.427789841,4.264731269,4.223309961,2.854790255,2.651825051,3.788767446,3.244876385
2019,YR2019,Faroe Islands,FRO,..,..,..,..,..,..,..,..,..,..,..,..
2019,YR2019,Fiji,FJI,9.157714421,9.328785987,8.013512652,8.106058422,7.458154516,7.637944913,6.153814613,6.383728898,5.345834586,5.331526813,6.298235064,4.969409636
2019,YR2019,Finland,FIN,5.35460716,5.758852454,5.562988846,6.01204161,5.993620561,6.550797335,5.885704161,6.353306126,6.369491923,6.594981685,24.4663985,19.74890089
2019,YR2019,France,FRA,5.794971778,6.472237112,5.447639009,5.924999145,6.021740004,6.185383975,6.011676097,6.248645894,6.594186495,6.795379491,22.48153762,18.16407267
2019,YR2019,French Polynesia,PYF,8.121602694,8.223786504,7.668749501,7.517032765,8.462694041,7.936844486,6.802232334,6.91487858,6.43719202,6.889435445,9.05053232,8.316371244
2019,YR2019,Gabon,GAB,10.28905106,10.0751949,8.378016966,8.196407134,8.527868896,8.555205606,5.216778915,6.146943749,3.339691256,3.512500542,4.029685311,3.077313884
2019,YR2019,"Gambia, The",GMB,12.20232361,12.59047858,9.507052966,9.503213772,6.637782127,6.431064512,4.169497656,3.848968192,2.86301731,2.559508882,2.604594484,2.516223449
2019,YR2019,Georgia,GEO,5.537491529,6.785699856,5.492346076,6.647223681,7.004383987,7.5849157,6.46636879,6.720528424,6.4325097,6.201623199,18.04302113,11.78894531
2019,YR2019,Germany,DEU,4.322045004,4.778841922,5.145877616,5.760829051,6.224063818,6.819220243,5.85651803,6.091185229,8.081471979,8.359439954,23.93485974,19.1319838
2019,YR2019,Ghana,GHA,11.12944524,11.29402755,9.150119066,9.317008221,7.213387858,7.331861018,5.227862415,5.19848553,3.855864494,3.735591511,3.39539889,2.807268979
2019,YR2019,Gibraltar,GIB,..,..,..,..,..,..,..,..,..,..,..,..
2019,YR2019,Greece,GRC,4.960160752,5.454817801,4.849883704,5.296351342,5.677102202,6.30101624,7.263134051,7.75287325,7.489988622,7.532992771,23.9866925,19.82023219
2019,YR2019,Greenland,GRL,..,..,..,..,..,..,..,..,..,..,..,..
2019,YR2019,Grenada,GRD,7.335900389,7.643639457,8.008852742,8.070747528,8.208579243,8.460638713,5.66611487,5.71899479,5.236073125,5.458476589,10.63408666,8.740651473
2019,YR2019,Guam,GUM,7.868884115,8.159929889,7.942504043,8.546016557,6.851480847,6.784940251,5.829250042,5.857621659,5.988558739,6.288712294,11.35074465,9.052903348
2019,YR2019,Guatemala,GTM,10.59204446,11.38641678,9.812760732,10.35712677,7.519195707,7.47780299,5.488175453,4.920039954,3.484930717,2.885594028,5.38429188,4.459933371
2019,YR2019,Guinea,GIN,12.44081342,13.5274871,9.459119226,10.33814866,6.270284297,6.096909298,4.147977395,3.326492136,2.921816861,2.140226968,3.5300373,2.312038047
2019,YR2019,Guinea-Bissau,GNB,11.9797893,12.61685677,9.145423775,9.345239934,7.143802683,6.937433896,4.501789107,4.263241815,2.669710627,2.457334031,3.446551819,2.253044374
2019,YR2019,Guyana,GUY,9.005812521,9.162129931,9.622237512,10.33104399,5.650776372,5.568170549,5.861043789,5.765744232,5.400971492,5.406450005,7.362953911,6.06706317
2019,YR2019,Haiti,HTI,10.34112274,10.92672083,9.323768032,9.450327084,8.042106163,7.967869561,5.426990143,5.147225527,3.82269126,3.596842952,5.560808787,4.553425618
2019,YR2019,Honduras,HND,10.3556791,10.79837026,10.07274579,10.42254314,7.82160213,7.909929649,5.840679368,5.637324671,3.928854749,3.588010172,5.309648869,4.345887467
2019,YR2019,"Hong Kong SAR, China",HKG,3.267266849,4.281279993,4.919070008,5.814531399,7.799819298,6.649140395,8.366988827,6.617401207,8.174887435,7.426297072,17.30455712,17.72599984
2019,YR2019,Hungary,HUN,4.662824071,5.405956708,5.163431782,5.977583681,5.875802483,6.746400477,8.083948759,9.020626051,6.284633098,6.647990018,23.34000469,15.67903217
2019,YR2019,Iceland,ISL,6.588589336,6.944134406,6.599252401,6.855430888,6.731355927,6.90360101,6.348077983,6.379016625,6.249740828,6.04711273,15.95076034,14.43693826
2019,YR2019,India,IND,9.168644121,9.408449617,8.733829192,9.079786217,8.047954586,8.201771099,6.496530341,6.410648112,5.020352157,4.856128284,6.877643252,5.916081749
2019,YR2019,Indonesia,IDN,8.303097076,8.667843044,8.130997331,8.429289019,7.545252641,7.371468862,7.179198493,7.17533584,5.769186484,5.717743939,6.640327103,5.468553658
2019,YR2019,"Iran, Islamic Rep.",IRN,7.210559145,7.416904174,6.939576326,6.87351053,10.55007479,10.23707152,7.436941246,7.428272072,5.427534704,5.360393642,6.241080374,6.473554836
2019,YR2019,Iraq,IRQ,11.17754555,11.51417362,9.389866863,9.575743067,7.173842793,7.286997556,5.321672317,5.309817395,3.55781692,3.216594525,3.799036717,3.007588951
2019,YR2019,Ireland,IRL,6.957416019,7.354056979,5.667701863,5.936960508,6.583688335,6.540985082,8.137418295,7.874817641,6.23532568,6.272286616,14.95036747,13.48425416
2019,YR2019,Isle of Man,IMN,..,..,..,..,..,..,..,..,..,..,..,..
2019,YR2019,Israel,ISR,8.191691542,8.74072263,6.96314332,7.414391195,6.514362527,6.694833795,6.310488024,6.299089025,4.832012547,4.716841537,13.45251779,10.95171555
2019,YR2019,Italy,ITA,4.478286363,5.011894524,4.574114294,5.20440643,5.398089109,5.810023307,6.96900842,7.323965366,7.992825257,8.183449767,25.33116395,20.56534674
2019,YR2019,Jamaica,JAM,7.566297555,7.920435602,8.751971127,9.219317902,7.698592914,7.908206488,6.323367846,5.707307409,5.89643914,5.577022928,9.116322243,8.72557593
2019,YR2019,Japan,JPN,4.188652689,4.629140677,4.526568322,4.99153273,5.229862233,5.744726701,6.660401683,7.222701549,6.450776012,6.862775989,30.87896841,24.9887434
2019,YR2019,Jordan,JOR,11.23285601,11.2059047,9.23820112,9.165036088,7.617627968,7.612783738,5.795731046,5.980405674,4.040467621,4.196792038,4.193660516,3.600806929
2019,YR2019,Kazakhstan,KAZ,7.644450596,8.58654581,5.942853577,6.592080184,8.657320172,8.91018799,6.251396352,6.380852188,5.538421851,5.165163403,9.590339871,5.595675171
2019,YR2019,Kenya,KEN,12.43053299,12.79189241,9.581372912,9.69341923,7.536818682,7.489565844,5.05922802,5.001148058,2.963606907,2.849154415,2.794274899,2.048691425
2019,YR2019,Kiribati,KIR,10.60950724,11.28982048,9.155989697,9.534433261,7.78610377,7.412403583,5.245375171,4.949673135,4.865687619,4.399709453,5.073094035,3.055930269
2019,YR2019,"Korea, Dem. People’s Rep.",PRK,6.403337473,6.979922028,7.290087175,7.973265167,6.9149212,7.444704201,6.173808829,6.549004912,7.846968093,8.058744362,11.81804469,6.583770169
2019,YR2019,"Korea, Rep.",KOR,4.323036751,4.611672676,6.173292914,6.812518487,6.184170357,6.847794088,7.601889813,7.976964191,8.386277781,8.443122207,17.20665624,12.91986415
2019,YR2019,Kosovo,XKX,..,..,..,..,..,..,..,..,..,..,..,..
2019,YR2019,Kuwait,KWT,7.865405694,6.319879987,5.703877442,4.552574954,9.313622324,9.40487036,10.50922676,12.94111909,6.671443569,8.191435611,2.686947012,2.813517463
2019,YR2019,Kyrgyz Republic,KGZ,8.64939578,9.19020184,7.962339938,8.449284193,8.610684499,8.718511158,5.514090444,5.491851985,4.790482515,4.43740859,5.66248883,3.515231409
2019,YR2019,Lao PDR,LAO,10.33898457,10.60455768,9.650355644,9.722652894,7.986941622,8.055536106,5.671841023,5.62451862,3.940311918,3.859542076,4.657060722,3.674519898
2019,YR2019,Latvia,LVA,4.823909984,5.937595393,3.655355018,4.630000866,6.706214667,8.229188972,6.136808995,6.980709564,6.364649025,6.700055129,25.26574857,14.56145466
2019,YR2019,Lebanon,LBN,7.98244396,8.622667099,8.985977537,8.618666224,8.285955256,6.917134933,6.650270383,6.519453817,5.069099532,6.27635721,7.943283106,6.612459651
2019,YR2019,Lesotho,LSO,9.951518718,10.1356561,9.366457413,9.796706694,7.76619454,8.613055659,5.052895,5.735230127,3.714856176,3.210381471,6.228122856,3.586451184
2019,YR2019,Liberia,LBR,12.22811284,12.55165014,8.998932523,9.069910476,6.658258212,6.648056762,4.811424533,4.793326874,3.163877736,3.016868216,3.661993162,2.913245491
2019,YR2019,Libya,LBY,8.877130731,9.153049171,7.959976559,8.056958721,8.75572383,8.589737859,8.109372923,8.269865854,5.098165811,5.168848768,4.917083826,4.008684578
2019,YR2019,Liechtenstein,LIE,..,..,..,..,..,..,..,..,..,..,..,..
2019,YR2019,Lithuania,LTU,4.002416472,4.855238285,4.877645882,6.005670294,5.932155393,7.407967398,5.836952872,6.590796387,6.964886991,7.27941044,24.81839377,14.73837758
2019,YR2019,Luxembourg,LUX,5.083054297,5.148339815,6.319676975,6.619523641,7.837962051,7.711741828,7.234915633,7.634277265,7.364257107,8.043135868,15.76029151,12.81926007
2019,YR2019,"Macao SAR, China",MAC,3.337741179,3.862453121,5.648854962,6.360291967,10.83969466,10.31666591,6.683296267,6.802597284,8.298371101,6.527009548,11.26705536,11.15220373
2019,YR2019,Madagascar,MDG,12.03912853,12.23224325,9.63430511,9.628713569,6.551659516,6.566242935,4.721494525,4.721098283,3.12971442,3.00287023,3.293204976,2.793755917
2019,YR2019,Malawi,MWI,13.18773574,13.66084946,9.501760529,9.630791795,6.742944411,6.588749954,4.221308034,4.127343778,2.585871233,2.360178973,3.127525885,2.142885605
2019,YR2019,Malaysia,MYS,7.729632164,7.745925207,8.991870416,9.00358177,9.03444889,9.185629517,6.167013115,6.481753455,5.242047129,5.041720341,7.304034199,6.558419559
2019,YR2019,Maldives,MDV,7.928184025,4.80286845,8.112393336,11.78921058,11.35581132,16.09396852,6.471955543,6.739667331,4.682200455,3.254381528,4.718631823,3.002350701
2019,YR2019,Mali,MLI,13.38694527,13.78271015,8.628748235,8.745723643,5.799040219,5.778788784,4.133740039,4.015160896,2.48765831,2.239973297,2.799117459,2.192078713
2019,YR2019,Malta,MLT,4.449119739,4.724548539,5.711904697,6.09014281,7.213311839,7.765996476,6.788436843,7.159971556,5.664999954,5.812947555,22.7283077,18.91721736
2019,YR2019,Marshall Islands,MHL,..,..,..,..,..,..,..,..,..,..,..,..
2019,YR2019,Mauritania,MRT,11.44443631,11.66761964,8.895292732,9.06743996,7.131159724,7.254286498,4.975652826,4.980977999,3.263608351,3.093303543,3.642381608,2.67412845
2019,YR2019,Mauritius,MUS,6.384637287,6.803823462,7.37514762,7.68791539,6.721653527,6.929985597,7.571351441,7.899248929,6.807696916,6.930464088,13.46213391,10.4987312
2019,YR2019,Mexico,MEX,8.380112016,9.132319135,8.349611251,8.816522204,7.641613895,7.467819899,6.854622657,6.41263689,5.502791868,5.05832271,7.994649738,6.813059027
2019,YR2019,"Micronesia, Fed. Sts.",FSM,10.35678536,10.38588487,10.12977263,10.4601932,6.781781782,7.200995386,5.133705134,5.243057356,4.668954669,4.282233397,4.645717146,3.748250298
2019,YR2019,Moldova,MDA,4.922936625,5.658235321,5.96373153,6.740363537,9.74437283,10.93222998,7.058055201,7.480050035,6.155903126,5.864082219,14.49541894,9.316055748
2019,YR2019,Monaco,MCO,..,..,..,..,..,..,..,..,..,..,..,..
2019,YR2019,Mongolia,MNG,8.044169825,8.449480858,7.174263745,7.470948443,9.34239381,9.599655834,6.798782315,6.793435191,5.328289407,4.928323979,4.843037755,3.517068655
2019,YR2019,Montenegro,MNE,5.917815813,6.668792229,6.317523513,7.005661726,6.646991011,7.103244382,6.794400942,6.733203223,6.166333839,6.177980458,17.47091174,13.25964716
2019,YR2019,Morocco,MAR,8.170783325,8.755123442,7.75833311,8.197224538,7.85291541,7.755038492,6.632345057,5.959040766,5.399026253,5.063189135,7.707997675,6.886484616
2019,YR2019,Mozambique,MOZ,12.68901176,13.40821225,9.080880696,9.387298163,6.228271714,6.295859086,4.240428031,3.900588715,2.801662105,2.164256237,3.488004501,2.232790769
2019,YR2019,Myanmar,MMR,8.752706534,9.486863836,8.488063679,9.005801802,7.528464589,7.703803919,6.957058588,6.849928504,5.740002163,5.263089187,6.921002419,5.034232345
2019,YR2019,Namibia,NAM,10.65544443,11.28788894,9.629358261,9.971609663,7.624865633,7.735126094,5.10320753,5.089249228,3.410849819,2.99554457,4.414690642,2.749693513
2019,YR2019,Nauru,NRU,..,..,..,..,..,..,..,..,..,..,..,..
2019,YR2019,Nepal,NPL,9.522944767,11.45237513,10.76965449,11.35365476,7.969174699,5.411654353,6.128316318,4.635373485,4.256690213,4.2695716,5.79246746,5.770856996
2019,YR2019,Netherlands,NLD,5.399247846,5.749330433,5.843127147,6.164041934,6.138456318,6.340933207,5.949310953,6.012142337,7.440451777,7.590881092,20.98174752,18.21809818
2019,YR2019,New Caledonia,NCL,7.562032576,7.777762153,7.9156912,8.274858324,7.315111968,7.462067414,7.140061623,6.953721542,6.421358988,6.240068623,9.960791569,8.899919846
2019,YR2019,New Zealand,NZL,6.355401127,6.940397982,6.576832929,7.209286302,6.588881122,6.657984435,6.056293433,5.734185905,6.724536371,6.377357239,16.80393931,15.1562504
2019,YR2019,Nicaragua,NIC,9.242543875,10.12869252,8.617272563,9.367684403,8.26469136,8.391672122,6.477022725,5.932267488,4.380152667,3.726459896,6.171888156,4.723365026
2019,YR2019,Niger,NER,13.30938825,13.61162071,8.424183042,8.669148329,5.341274746,5.01661152,3.6584819,3.317694258,2.466217982,2.240154285,2.680321531,2.5139697
2019,YR2019,Nigeria,NGA,12.40742407,12.57466498,8.697806532,8.722537111,6.356727622,6.368567861,4.565508991,4.54750543,2.925442771,2.797421758,2.928978471,2.562118222
2019,YR2019,North Macedonia,MKD,5.262819201,5.60594068,6.264593196,6.629921184,7.649596169,8.024810396,7.186743927,7.465281276,6.911376138,6.996416596,15.6247929,12.54795861
2019,YR2019,Northern Mariana Islands,MNP,..,..,..,..,..,..,..,..,..,..,..,..
2019,YR2019,Norway,NOR,5.867063955,6.043627605,6.420097016,6.724756811,6.835792155,6.993012398,6.337153326,6.66682126,6.762690516,7.051757722,18.72326071,15.85133605
2019,YR2019,Oman,OMN,8.45177647,4.623212181,7.863504292,7.320529964,11.52084773,19.02237454,6.415035634,8.239588509,3.210800784,3.59643386,3.738796506,1.780299155
2019,YR2019,Pakistan,PAK,10.59502271,10.77084392,9.46422305,9.524677794,7.589984624,7.487634029,5.232828645,5.137126305,3.761855183,3.654804316,4.371079682,4.27650287
2019,YR2019,Palau,PLW,..,..,..,..,..,..,..,..,..,..,..,..
2019,YR2019,Panama,PAN,8.455447768,8.787999063,8.037005556,8.202417757,7.345969776,7.408553475,6.699320662,6.693412539,5.424182762,5.327463726,8.916814386,7.712724684
2019,YR2019,Papua New Guinea,PNG,11.07034553,11.32762844,9.235591843,9.361204693,7.129359876,7.153397614,5.668432916,5.650878982,3.914356902,3.77724519,3.820341574,3.211376043
2019,YR2019,Paraguay,PRY,9.523981372,9.624121168,9.572310481,9.681648798,8.272072675,8.344969181,5.477270162,5.576689358,4.116260089,4.066812478,7.020885739,6.233816863
2019,YR2019,Peru,PER,8.401720035,8.334790148,8.560995479,7.849306931,7.841753268,8.280028766,6.666026574,6.965997101,5.320109049,5.296199134,8.858015058,7.922986782
2019,YR2019,Philippines,PHL,9.80193511,10.1966394,9.100866069,9.481261826,7.40267711,7.478259842,5.932216306,5.960346323,4.686686289,4.57130442,6.203897544,4.434525383
2019,YR2019,Poland,POL,4.849760581,5.412134143,5.196071824,5.701782502,7.15355356,8.251086746,7.315563209,7.981317978,5.762224774,6.016413788,21.25531156,14.77887441
2019,YR2019,Portugal,PRT,4.528134685,5.261446192,5.03153908,5.565022575,5.474845181,5.799625941,7.518428412,7.808961282,7.196858932,7.278762224,24.61428733,19.843595
2019,YR2019,Puerto Rico,PRI,6.648921332,7.850550947,4.736616069,6.136644142,5.555915969,6.103525517,6.848215757,6.93989652,7.505978184,6.912668844,21.97707595,17.17599424
2019,YR2019,Qatar,QAT,8.199126763,2.767537793,6.965571541,9.583735056,13.27091833,17.89980038,7.991124472,9.425920814,4.227614344,5.531747754,1.807171999,1.429889839
2019,YR2019,Romania,ROU,5.264304582,5.872554107,4.970666896,5.644795067,6.707307694,7.720087528,7.703902297,8.392906268,7.353037133,7.719514175,21.92716245,15.47705013
2019,YR2019,Russian Federation,RUS,4.940005867,5.997249528,4.286942828,5.172888931,8.128560463,9.479882088,6.902039011,7.474198607,6.011295358,5.977371694,18.85218883,10.74403125
2019,YR2019,Rwanda,RWA,11.8529597,12.20298913,9.068407121,9.19018847,7.613070664,7.645720668,4.646797652,4.458156075,2.768402075,2.868635723,3.494053437,2.546242511
2019,YR2019,Samoa,WSM,11.3872267,11.43288498,8.131329596,8.56829144,5.618946461,5.883102623,5.083658467,5.057644798,4.406398216,4.550801929,5.703078169,4.214540606
2019,YR2019,San Marino,SMR,..,..,..,..,..,..,..,..,..,..,..,..
2019,YR2019,Sao Tome and Principe,STP,13.16399378,13.406622,8.277409086,8.461960209,6.494038367,6.604343422,4.930331264,4.884259044,3.414093841,3.282192341,3.369416495,2.549925194
2019,YR2019,Saudi Arabia,SAU,8.76425449,6.634209705,7.90281144,6.46268826,9.564144197,10.0446068,8.656929649,11.28971814,4.003501002,6.143806879,3.777253112,3.145221996
2019,YR2019,Senegal,SEN,12.02821006,12.93341302,8.883285115,9.296951223,6.78338702,6.483235937,4.692423133,4.020017535,3.016013669,2.486839064,3.511802316,2.664289751
2019,YR2019,Serbia,SRB,5.338559358,5.947512056,5.791385685,6.431846465,6.715966625,7.375826189,6.97848209,7.248867001,6.460915208,6.483249113,20.93707763,16.45336158
2019,YR2019,Seychelles,SYC,7.4452432,7.397293041,6.640181612,6.705603285,6.818850633,7.843801702,7.323327868,7.97536229,7.003825619,6.811250424,9.135241939,6.546135906
2019,YR2019,Sierra Leone,SLE,12.43652067,12.52286224,9.373215931,9.474598227,6.77071985,7.035643285,4.531557602,4.700809317,2.975945226,2.874934267,3.369854889,2.523811356
2019,YR2019,Singapore,SGP,4.292081644,4.068229289,6.615157638,7.454712059,7.454782281,7.533310557,8.260532725,8.162526422,7.858561297,8.233258487,13.61963359,11.27618551
2019,YR2019,Sint Maarten (Dutch part),SXM,..,..,..,..,..,..,..,..,..,..,..,..
2019,YR2019,Slovak Republic,SVK,4.86056235,5.377086429,5.279130612,5.853763938,7.289165252,8.016147484,7.880952645,8.751735828,6.257920463,6.449394375,19.04814106,13.14008251
2019,YR2019,Slovenia,SVN,4.734523023,5.079328568,4.530111019,4.891445118,6.331407991,6.933904458,7.110453366,8.015684016,7.188616531,7.453290087,22.94443327,17.40318783
2019,YR2019,Solomon Islands,SLB,11.2775218,11.6297984,8.639316727,9.089734631,6.463086086,6.048763587,5.673082472,5.231926526,3.268750057,3.202165705,3.803619863,3.464070327
2019,YR2019,Somalia,SOM,13.2834886,13.50261734,9.519405996,9.592392194,5.417134311,5.345162643,3.672409273,3.494443518,2.65363161,2.469833235,2.991239501,2.78661738
2019,YR2019,South Africa,ZAF,8.97507371,9.412074485,8.295080317,8.651245273,8.885949393,9.307522406,6.258012695,6.339938506,4.604406248,4.36159544,6.456982592,4.343074548
2019,YR2019,South Sudan,SSD,12.21393069,12.47395029,9.436812471,9.521270543,6.575884106,6.548090591,4.407190263,4.362895171,3.016748999,2.886067627,3.648302152,3.105808151
2019,YR2019,Spain,ESP,5.029026165,5.559686295,4.652055713,5.047679839,5.70202456,5.926056617,8.383351978,8.960204433,7.529520989,7.848018924,21.84754258,17.37132593
2019,YR2019,Sri Lanka,LKA,7.751535371,8.44981856,6.777388459,7.220277884,6.716443413,6.237868786,7.047182322,7.107822755,6.079680846,6.210360862,12.00716589,9.573050639
2019,YR2019,St. Kitts and Nevis,KNA,..,..,..,..,..,..,..,..,..,..,..,..
2019,YR2019,St. Lucia,LCA,6.084678897,6.416280646,8.800957165,9.054553937,7.775885485,7.633774342,7.046155173,6.933937637,6.778838899,6.642894436,10.16987518,9.897690539
2019,YR2019,St. Martin (French part),MAF,..,..,..,..,..,..,..,..,..,..,..,..
2019,YR2019,St. Vincent and the Grenadines,VCT,7.648267763,7.67777243,8.279506753,8.348040002,7.228053435,7.151897606,6.749119201,6.741893506,6.114210217,6.298019502,10.0631239,9.430094301
2019,YR2019,Sudan,SDN,12.05545449,12.39550895,9.328176373,9.540065446,6.385064448,6.303351288,4.754187355,4.447905167,3.285277799,3.155991157,3.879538383,3.374628225
2019,YR2019,Suriname,SUR,8.579492785,9.125592377,8.147128409,8.599339618,7.177594532,7.451369523,6.146491968,6.070725907,5.636647896,5.646781064,8.179988101,5.861661905
2019,YR2019,Sweden,SWE,5.606776092,5.905188976,5.483362517,5.804743198,6.588836021,6.831248108,6.012779611,6.208555919,6.614879797,6.807489737,21.65964117,18.74195245
2019,YR2019,Switzerland,CHE,4.592537003,4.90348798,5.545454545,5.842285974,6.862885908,7.094509514,6.494585171,6.687413056,7.788556123,8.085083512,20.51804558,17.13025279
2019,YR2019,Syrian Arab Republic,SYR,9.972988341,10.31684893,9.097769242,9.480896131,8.717008421,8.900795483,6.198272766,5.855807728,4.023917567,3.77540607,5.109022495,4.276659789
2019,YR2019,Tajikistan,TJK,9.81341403,10.21889746,8.900059917,9.119823038,8.282461654,8.096100578,4.988460049,4.829614089,4.095763205,3.795184839,3.33254742,2.843366036
2019,YR2019,Tanzania,TZA,12.68293296,12.97493246,8.767834724,8.839586288,6.536118718,6.512676178,4.464727454,4.455304805,2.782313356,2.700956615,3.0241786,2.216294813
2019,YR2019,Thailand,THA,5.660938948,6.320120139,6.677746133,7.286515916,6.268952753,6.58882509,7.804223513,7.741235574,8.166200947,7.805662943,13.62866414,11.11849026
2019,YR2019,Timor-Leste,TLS,11.93112085,12.03965681,9.823440111,9.899664426,6.637920117,6.624871654,3.625786218,3.563083486,3.594986343,3.659945494,4.637179044,3.942880489
2019,YR2019,Togo,TGO,12.2977916,12.51092486,8.840014053,8.985396874,6.865182252,6.924782734,4.97964775,4.915652858,3.097412348,2.945571433,3.116369867,2.655916487
2019,YR2019,Tonga,TON,10.89234069,12.11031634,8.683993794,9.317981869,6.243894965,5.502428948,5.267089311,4.800520216,4.548849859,4.569100715,6.427764264,5.458440118
2019,YR2019,Trinidad and Tobago,TTO,6.663862082,7.019631863,6.104928278,6.378395952,8.500156518,8.797327071,6.952535953,7.085671324,6.132265892,6.001172745,12.11523725,10.09649018
2019,YR2019,Tunisia,TUN,6.776031031,7.419290856,6.865266763,7.476120994,8.243316096,7.866877775,7.19541523,6.785552899,6.247077835,5.853072967,9.383691771,7.790075164
2019,YR2019,Turkey,TUR,7.825780912,8.397443621,7.801187896,8.298217681,7.543313835,7.822649643,7.072863533,7.098639085,5.635419226,5.472756899,9.926592969,7.493903452
2019,YR2019,Turkmenistan,TKM,8.319171889,8.787539888,7.789568115,8.196499422,8.500049397,8.704824301,6.218658894,6.195602539,4.813874525,4.618024889,5.336483219,3.825254094
2019,YR2019,Turks and Caicos Islands,TCA,..,..,..,..,..,..,..,..,..,..,..,..
2019,YR2019,Tuvalu,TUV,..,..,..,..,..,..,..,..,..,..,..,..
2019,YR2019,Uganda,UGA,13.2626176,13.86790929,9.468792344,9.328837135,6.325702826,5.990223581,3.903572994,3.714714695,2.342686035,2.254346117,2.328827333,1.585286231
2019,YR2019,Ukraine,UKR,4.774224612,5.873902787,4.616792479,5.626751587,7.624882382,9.162519715,7.16411274,7.857800641,6.511038501,6.470825417,20.71235531,12.06126025
2019,YR2019,United Arab Emirates,ARE,7.139347209,3.221904101,7.75205412,7.600350889,15.36218422,18.64687712,7.833353309,10.54055636,3.994912975,4.914223934,1.282809316,1.100799993
2019,YR2019,United Kingdom,GBR,5.55694791,5.952763352,5.920899451,6.286329209,6.845339993,7.028141368,6.266134671,6.383833259,6.945978618,6.898866571,19.78480122,17.20109794
2019,YR2019,United States,USA,6.220968464,6.636407673,6.624465562,7.015787419,6.732101803,7.070152715,6.082829683,6.165810475,6.253227514,6.43089296,17.72616577,14.66124093
2019,YR2019,Uruguay,URY,6.416320547,7.191087447,7.036989857,7.790888031,6.539459908,7.095865814,6.618796519,6.959014624,5.662622734,5.63243134,17.61976755,12.07454562
2019,YR2019,Uzbekistan,UZB,8.350656219,8.832965068,8.503121809,8.915809469,8.916161105,9.014076253,6.269284659,6.12423037,4.930684564,4.510053303,5.175760675,4.011740707
2019,YR2019,Vanuatu,VUT,11.69273018,12.28179797,8.599604989,8.441310725,7.798084467,6.985095831,5.257568789,5.162525158,3.668055518,3.794446125,3.527366684,3.703679343
2019,YR2019,"Venezuela, RB",VEN,8.96295876,9.655621112,7.447354813,7.722565985,7.492653553,7.410481339,6.622316516,6.438172453,5.644147054,5.448932548,8.365865385,6.834456514
2019,YR2019,Vietnam,VNM,6.863436374,7.601626638,7.207407394,7.607674235,8.516370557,8.787290126,7.168194594,7.223801317,6.036047128,5.937062785,9.156091451,5.945905735
2019,YR2019,Virgin Islands (U.S.),VIR,6.585876993,7.234830195,5.774943052,6.826412361,4.725284738,4.162642846,5.627334852,5.237003058,6.999544419,6.790197972,21.27927107,18.32448093
2019,YR2019,West Bank and Gaza,PSE,11.48935754,11.63924239,9.971927504,10.0197914,7.052094603,7.094147683,4.783484965,4.793001761,3.272042531,3.190254715,3.412201353,2.941318503
2019,YR2019,"Yemen, Rep.",YEM,11.80031594,12.0715336,9.923012587,10.04312876,7.657876444,7.648436417,4.346224833,4.488532893,2.772052763,2.375975036,3.190266405,2.61835396
2019,YR2019,Zambia,ZMB,13.06806967,13.50012563,9.415501751,9.43025918,6.572686082,6.378099637,4.358392605,4.31836208,2.359029122,2.262593668,2.549729314,1.67226531
2019,YR2019,Zimbabwe,ZWE,12.1292671,13.35634902,9.081089829,9.374293409,7.377945007,6.218030221,4.984312436,4.711676468,2.65919876,2.468728131,3.663020156,2.231993714
2019,YR2019,Arab World,ARB,9.77473047,9.507372196,8.465572906,8.450451561,7.989195682,8.517535543,6.013287456,6.422273263,4.101640845,4.193538858,5.140092201,4.209468787
2019,YR2019,Caribbean small states,CSS,7.636956799,8.014326363,8.193025197,8.627407446,7.516610723,7.66471455,6.450911124,6.171364736,5.903294736,5.714044879,9.55899537,8.433454511
2019,YR2019,Central Europe and the Baltics,CEB,4.907553345,5.506128694,4.952177249,5.542731114,6.732911962,7.702555195,7.493000558,8.248365719,6.344157711,6.664680795,22.20518763,15.48574928
2019,YR2019,Early-demographic dividend,EAR,9.23878286,9.538834397,8.698008316,8.964240792,7.946058922,7.97908684,6.355634687,6.299096922,4.821426542,4.693458688,6.471616136,5.485432543
2019,YR2019,East Asia & Pacific,EAS,6.187789431,6.71221222,6.53461629,6.943389693,8.146802775,8.28176398,6.94365907,6.960991936,7.57492143,7.41996841,12.32135995,10.06710535
2019,YR2019,East Asia & Pacific (excluding high income),EAP,6.402647294,6.927671927,6.682910816,7.067446928,8.409929319,8.496814762,6.927108803,6.912749868,7.639198164,7.441343696,10.90223456,8.992322613
2019,YR2019,East Asia & Pacific (IDA & IBRD countries),TEA,6.402638387,6.927048352,6.675074608,7.056636515,8.429223869,8.509371089,6.93683088,6.917090953,7.636516689,7.433975378,10.89041513,9.021067284
2019,YR2019,Euro area,EMU,4.936384422,5.465895551,5.090029555,5.619374655,5.970162854,6.360775451,6.638463111,6.965275672,7.442793471,7.680592041,23.09249197,18.52211546
2019,YR2019,Europe & Central Asia,ECS,5.538918065,6.213499049,5.505472583,6.136322408,7.012761084,7.59534429,6.750085902,7.073694384,6.609285193,6.676052005,19.00741384,14.08643221
2019,YR2019,Europe & Central Asia (excluding high income),ECA,6.175415349,7.100559178,5.855545341,6.669668041,8.0069827,8.821332324,6.784669355,7.078017056,5.877919137,5.711254006,14.71059222,9.067831685
2019,YR2019,Europe & Central Asia (IDA & IBRD countries),TEC,6.016366186,6.891458411,5.761405177,6.540614682,7.865971985,8.707957905,6.864644248,7.211690913,5.937924446,5.835015761,15.62959492,9.893673465
2019,YR2019,European Union,EUU,4.962170579,5.496132697,5.093897535,5.625790032,6.134343658,6.629497417,6.808807973,7.20460423,7.195990216,7.453997162,22.85743963,17.95955756
2019,YR2019,Fragile and conflict affected situations,FCS,11.92307767,12.26348593,8.913653506,9.0548224,6.64442463,6.623022337,4.785817292,4.690326232,3.261807031,3.058994632,3.773332183,3.039464468
2019,YR2019,Heavily indebted poor countries (HIPC),HPC,12.42955313,12.74286787,9.264087663,9.394514841,6.473655973,6.435423743,4.381233117,4.27011109,2.869255371,2.70243338,3.376195168,2.719280781
2019,YR2019,High income,HIC,5.422465625,5.754698661,5.803203996,6.250761502,6.527039848,7.142953568,6.67783501,7.083673643,6.738160671,6.940028511,20.36753781,16.14415049
2019,YR2019,IBRD only,IBD,7.478014362,7.96984397,7.405929639,7.824923163,8.188164294,8.35820578,6.760905388,6.73523353,6.271036849,6.084448793,9.790674117,7.818222757
2019,YR2019,IDA & IBRD total,IBT,8.525012321,8.956050919,7.877243597,8.216395479,7.892728299,7.995296004,6.293521897,6.247830286,5.526072833,5.363417767,8.248066631,6.661988779
2019,YR2019,IDA blend,IDB,11.43120743,11.65466666,9.098543063,9.182638549,7.171081979,7.110419338,5.003711751,4.941382076,3.382116124,3.255306573,3.658623453,3.277570583
2019,YR2019,IDA only,IDX,11.5545191,11.92574492,9.284277047,9.44942552,6.988895709,6.846616715,4.937393819,4.766066502,3.408400852,3.262017993,3.937598647,3.294223628
2019,YR2019,IDA total,IDA,11.5135381,11.83341591,9.222550819,9.358558127,7.049442901,6.936467642,4.959433705,4.825778823,3.399665471,3.259732089,3.844884939,3.288551617
2019,YR2019,Late-demographic dividend,LTE,5.901874745,6.468048861,6.290974496,6.766560938,8.460572155,8.78445831,7.010886282,7.069173023,7.615045208,7.437145385,12.5617016,9.833349797
2019,YR2019,Latin America & Caribbean,LCN,7.841693316,8.413278702,8.162227546,8.574026654,7.743377667,7.887249627,6.776783419,6.641871517,5.647463027,5.352743857,9.611846816,7.762204853
2019,YR2019,Latin America & Caribbean (excluding high income),LAC,7.902599854,8.475952327,8.220013019,8.62385143,7.766608713,7.895675418,6.77640928,6.626258156,5.611268003,5.309126625,9.374987591,7.597945753
2019,YR2019,Latin America & the Caribbean (IDA & IBRD countries),TLA,7.897401202,8.469594751,8.220185858,8.625423593,7.769117956,7.906516148,6.794981992,6.653108917,5.575136746,5.28106665,9.410688643,7.590643625
2019,YR2019,Least developed countries: UN classification,LDC,11.68636316,12.06824293,9.27398061,9.42968255,6.901881986,6.737719152,4.870225557,4.692845839,3.346230133,3.199588748,3.880856742,3.241952538
2019,YR2019,Low & middle income,LMY,8.556346645,8.983778773,7.902672,8.238607261,7.897880361,7.992045965,6.277609498,6.227421641,5.529125366,5.363166208,8.118393649,6.578660404
2019,YR2019,Low income,LIC,12.22322651,12.56169452,9.261595527,9.427498764,6.493453937,6.480472182,4.368221551,4.268235778,3.029152421,2.837251717,3.68849147,2.862537501
2019,YR2019,Lower middle income,LMC,9.662527461,9.980887937,8.699421676,8.987544134,7.776769085,7.824784617,6.066632257,5.980814541,4.566472006,4.433273237,6.170301897,5.127910625
2019,YR2019,Middle East & North Africa,MEA,8.891980021,8.701604699,8.020244455,8.006006432,8.691889961,9.104156701,6.503446028,6.889355291,4.506250609,4.574123971,5.754236749,4.893433833
2019,YR2019,Middle East & North Africa (excluding high income),MNA,8.969519826,9.290238732,8.088712599,8.243069673,8.520574837,8.418589416,6.283072447,6.193110474,4.535223298,4.357281781,5.834336673,5.175199158
2019,YR2019,Middle East & North Africa (IDA & IBRD countries),TMN,8.939037051,9.261450908,8.065931126,8.221295355,8.538339216,8.434820892,6.301213134,6.210269274,4.550504145,4.371584088,5.86363753,5.202576112
2019,YR2019,Middle income,MIC,8.124650828,8.575440996,7.742688138,8.102922313,8.063221205,8.164557763,6.502398644,6.451018186,5.823443125,5.651441948,8.639918845,7.002771387
2019,YR2019,North America,NAC,6.106052937,6.511479316,6.585089885,6.976296361,6.74711359,7.061312824,6.122543362,6.199448997,6.285323449,6.460393181,17.85014732,14.8342378
2019,YR2019,OECD members,OED,5.857323849,6.351353525,6.200467734,6.672649602,6.583406292,6.917532618,6.602325496,6.759902235,6.572773666,6.664645309,18.86819832,15.28415742
2019,YR2019,Other small states,OSS,9.567311849,8.630688852,8.390948802,8.886699581,8.093089415,10.09813065,5.731768015,6.368633038,4.019632755,4.095531343,6.789823072,4.504453643
2019,YR2019,Pacific island small states,PSS,10.45459173,10.78506313,8.459270847,8.695507075,7.005370806,6.839062758,5.687174016,5.605087926,4.387972514,4.348451125,5.07145358,4.196582488
2019,YR2019,Post-demographic dividend,PST,5.251430028,5.733405848,5.646260249,6.149800599,6.367426731,6.779799408,6.531389087,6.784554472,6.886440205,7.068835133,21.33651745,17.17309808
2019,YR2019,Pre-demographic dividend,PRE,12.58430693,12.86189621,9.060895803,9.1454646,6.439993512,6.411996894,4.410221469,4.324538169,2.824361685,2.668885623,3.062703837,2.474183281
2019,YR2019,Small states,SST,9.2579817,8.648805325,8.357862762,8.832360637,7.918918858,9.505474032,5.864298063,6.292397568,4.396105642,4.381620057,7.206630021,5.14690098
2019,YR2019,South Asia,SAS,9.422973273,9.668479856,8.906481464,9.185816946,7.986369481,8.019446964,6.328081891,6.213105411,4.808361944,4.693310241,6.390253622,5.622591488
2019,YR2019,South Asia (IDA & IBRD),TSA,9.422973273,9.668479856,8.906481464,9.185816946,7.986369481,8.019446964,6.328081891,6.213105411,4.808361944,4.693310241,6.390253622,5.622591488
2019,YR2019,Sub-Saharan Africa,SSF,12.27660013,12.585673,9.080514597,9.197471473,6.620651994,6.586599051,4.521243309,4.434610537,2.938690838,2.776985998,3.350045818,2.656756086
2019,YR2019,Sub-Saharan Africa (excluding high income),SSA,12.2838295,12.59269482,9.082696445,9.19940806,6.620518169,6.586095821,4.517475039,4.430363664,2.933867043,2.771913878,3.337853433,2.64751823
2019,YR2019,Sub-Saharan Africa (IDA & IBRD countries),TSS,12.27660013,12.585673,9.080514597,9.197471473,6.620651994,6.586599051,4.521243309,4.434610537,2.938690838,2.776985998,3.350045818,2.656756086
2019,YR2019,Upper middle income,UMC,6.576188166,7.121284845,6.77936889,7.187641753,8.351645129,8.51610658,6.941164644,6.937517891,7.08906665,6.911829281,11.12653549,8.942610045
2019,YR2019,World,WLD,8.045440381,8.470299673,7.560402671,7.922505704,7.674396764,7.857025716,6.342856941,6.36358039,5.726230396,5.613914349,10.11533113,8.099737326
